Date,發行量加權股價報酬指數
1992/1/2,"4,524.92"
1992/1/3,"4,626.36"
1992/1/6,"4,690.26"
1992/1/7,"4,701.48"
1992/1/8,"4,837.35"
1992/1/9,"4,814.24"
1992/1/10,"4,851.31"
1992/1/13,"4,991.79"
1992/1/14,"4,992.95"
1992/1/15,"5,018.23"
1992/1/16,"4,943.81"
1992/1/17,"4,908.30"
1992/1/20,"4,951.56"
1992/1/21,"4,946.39"
1992/1/22,"4,993.80"
1992/1/23,"5,079.34"
1992/1/24,"5,057.86"
1992/1/27,"4,973.12"
1992/1/28,"5,015.69"
1992/2/6,"4,834.09"
1992/2/7,"4,735.87"
1992/2/10,"4,644.36"
1992/2/11,"4,619.47"
1992/2/12,"4,625.36"
1992/2/13,"4,508.43"
1992/2/14,"4,494.46"
1992/2/17,"4,705.58"
1992/2/18,"4,605.80"
1992/2/19,"4,551.32"
1992/2/20,"4,551.19"
1992/2/21,"4,548.83"
1992/2/24,"4,609.69"
1992/2/25,"4,454.82"
1992/2/26,"4,457.16"
1992/2/27,"4,432.93"
1992/3/3,"4,527.17"
1992/3/4,"4,500.17"
1992/3/5,"4,418.58"
1992/3/6,"4,397.91"
1992/3/7,"4,351.05"
1992/3/10,"4,320.45"
1992/3/11,"4,260.90"
1992/3/12,"4,328.61"
1992/3/13,"4,379.45"
1992/3/14,"4,476.64"
1992/3/17,"4,358.45"
1992/3/18,"4,540.20"
1992/3/19,"4,515.55"
1992/3/20,"4,599.74"
1992/3/21,"4,587.41"
1992/3/24,"4,571.16"
1992/3/25,"4,499.30"
1992/3/26,"4,496.53"
1992/3/27,"4,514.72"
1992/3/28,"4,477.49"
1992/3/31,"4,321.68"
1992/4/1,"4,338.07"
1992/4/2,"4,312.02"
1992/4/3,"4,358.86"
1992/4/4,"4,499.65"
1992/4/7,"4,576.31"
1992/4/8,"4,552.93"
1992/4/9,"4,537.87"
1992/4/10,"4,541.84"
1992/4/11,"4,530.88"
1992/4/14,"4,460.29"
1992/4/15,"4,488.07"
1992/4/16,"4,609.81"
1992/4/17,"4,567.58"
1992/4/18,"4,659.24"
1992/4/21,"4,649.06"
1992/4/22,"4,557.02"
1992/4/23,"4,565.86"
1992/4/24,"4,375.83"
1992/4/25,"4,234.40"
1992/4/28,"4,140.34"
1992/4/29,"4,201.17"
1992/4/30,"4,148.91"
1992/5/2,"4,188.67"
1992/5/5,"4,202.99"
1992/5/6,"4,221.72"
1992/5/7,"4,277.20"
1992/5/8,"4,192.52"
1992/5/9,"4,245.46"
1992/5/12,"4,262.30"
1992/5/13,"4,335.90"
1992/5/14,"4,342.41"
1992/5/15,"4,332.54"
1992/5/16,"4,285.06"
1992/5/19,"4,257.08"
1992/5/20,"4,253.66"
1992/5/21,"4,218.70"
1992/5/22,"4,273.53"
1992/5/23,"4,351.79"
1992/5/26,"4,467.90"
1992/5/27,"4,453.43"
1992/5/28,"4,476.75"
1992/5/29,"4,545.61"
1992/5/30,"4,558.47"
1992/6/2,"4,696.37"
1992/6/3,"4,681.50"
1992/6/5,"4,741.81"
1992/6/6,"4,744.03"
1992/6/9,"4,830.86"
1992/6/10,"4,836.72"
1992/6/11,"4,809.13"
1992/6/12,"4,885.75"
1992/6/13,"4,889.40"
1992/6/16,"4,899.87"
1992/6/17,"4,980.94"
1992/6/18,"5,006.85"
1992/6/19,"5,061.21"
1992/6/20,"5,016.50"
1992/6/23,"4,936.68"
1992/6/24,"4,924.38"
1992/6/25,"4,949.43"
1992/6/26,"4,914.01"
1992/6/27,"4,898.51"
1992/6/30,"4,893.09"
1992/7/1,"5,039.50"
1992/7/2,"5,118.63"
1992/7/3,"5,127.98"
1992/7/4,"5,184.93"
1992/7/7,"5,358.12"
1992/7/8,"5,405.35"
1992/7/9,"5,397.29"
1992/7/10,"5,320.67"
1992/7/11,"5,281.05"
1992/7/14,"5,392.41"
1992/7/15,"5,379.52"
1992/7/16,"5,458.43"
1992/7/17,"5,344.72"
1992/7/18,"5,333.57"
1992/7/21,"5,264.97"
1992/7/22,"5,312.50"
1992/7/23,"5,340.36"
1992/7/24,"5,471.64"
1992/7/25,"5,463.95"
1992/7/28,"5,522.17"
1992/7/29,"5,412.91"
1992/7/30,"5,397.33"
1992/7/31,"5,410.09"
1992/8/1,"5,485.00"
1992/8/4,"5,474.00"
1992/8/5,"5,356.63"
1992/8/6,"5,323.03"
1992/8/7,"5,359.72"
1992/8/8,"5,332.94"
1992/8/11,"5,315.29"
1992/8/12,"5,358.00"
1992/8/13,"5,549.25"
1992/8/14,"5,544.46"
1992/8/15,"5,601.92"
1992/8/18,"5,631.38"
1992/8/19,"5,628.52"
1992/8/20,"5,661.22"
1992/8/21,"5,731.82"
1992/8/22,"5,767.41"
1992/8/25,"5,808.60"
1992/8/26,"5,677.25"
1992/8/27,"5,672.49"
1992/8/28,"5,642.65"
1992/8/29,"5,773.21"
1992/9/1,"5,815.18"
1992/9/2,"5,839.97"
1992/9/3,"5,796.57"
1992/9/4,"5,748.07"
1992/9/5,"5,762.31"
1992/9/8,"5,852.28"
1992/9/9,"5,805.09"
1992/9/10,"5,747.19"
1992/9/12,"5,769.52"
1992/9/15,"5,747.37"
1992/9/16,"5,825.12"
1992/9/17,"5,874.21"
1992/9/18,"5,877.97"
1992/9/19,"5,885.31"
1992/9/22,"5,801.33"
1992/9/23,"5,809.77"
1992/9/24,"5,848.98"
1992/9/25,"5,814.08"
1992/9/26,"5,775.12"
1992/9/29,"5,768.37"
1992/9/30,"5,735.57"
1992/10/1,"5,705.16"
1992/10/2,"5,826.00"
1992/10/3,"5,874.99"
1992/10/6,"5,980.69"
1992/10/7,"5,986.29"
1992/10/8,"5,950.64"
1992/10/9,"5,999.79"
1992/10/13,"6,104.94"
1992/10/14,"6,070.14"
1992/10/15,"6,055.78"
1992/10/16,"6,169.64"
1992/10/17,"6,176.78"
1992/10/20,"6,212.75"
1992/10/21,"6,195.95"
1992/10/22,"6,175.92"
1992/10/23,"6,084.30"
1992/10/24,"6,049.45"
1992/10/27,"6,090.76"
1992/10/28,"6,210.25"
1992/10/29,"6,231.13"
1992/10/30,"6,243.68"
1992/10/31,"6,179.34"
1992/11/3,"6,222.66"
1992/11/4,"6,244.68"
1992/11/5,"6,278.76"
1992/11/6,"6,146.98"
1992/11/7,"6,191.38"
1992/11/10,"6,193.63"
1992/11/11,"6,155.86"
1992/11/12,"6,115.65"
1992/11/13,"6,169.52"
1992/11/14,"6,179.05"
1992/11/17,"6,084.55"
1992/11/18,"6,071.41"
1992/11/19,"5,995.80"
1992/11/20,"5,963.84"
1992/11/21,"5,959.57"
1992/11/24,"5,950.90"
1992/11/25,"5,991.38"
1992/11/26,"5,990.80"
1992/11/27,"5,868.09"
1992/11/28,"5,899.99"
1992/12/1,"6,000.57"
1992/12/2,"6,042.77"
1992/12/3,"6,015.70"
1992/12/4,"6,051.97"
1992/12/5,"6,031.12"
1992/12/8,"5,977.03"
1992/12/9,"5,989.73"
1992/12/10,"5,932.34"
1992/12/11,"5,997.39"
1992/12/12,"5,988.46"
1992/12/15,"6,055.84"
1992/12/16,"6,018.00"
1992/12/17,"5,879.79"
1992/12/18,"5,896.91"
1992/12/19,"5,887.16"
1992/12/22,"5,964.73"
1992/12/23,"5,975.37"
1992/12/24,"5,988.02"
1992/12/25,"5,983.76"
1992/12/26,"5,987.34"
1992/12/29,"5,933.87"
1992/12/30,"5,997.10"
1992/12/31,"6,021.57"
1993/1/2,"6,175.79"
1993/1/5,"6,261.52"
1993/1/6,"6,280.51"
1993/1/7,"6,277.70"
1993/1/8,"6,306.23"
1993/1/9,"6,365.33"
1993/1/12,"6,357.90"
1993/1/13,"6,348.28"
1993/1/14,"6,414.47"
1993/1/15,"6,403.62"
1993/1/16,"6,409.09"
1993/1/27,"6,526.56"
1993/1/28,"6,528.22"
1993/1/29,"6,452.98"
1993/1/30,"6,517.11"
1993/2/2,"6,460.46"
1993/2/3,"6,391.22"
1993/2/4,"6,380.14"
1993/2/5,"6,407.48"
1993/2/6,"6,494.59"
1993/2/9,"6,606.76"
1993/2/10,"6,632.58"
1993/2/11,"6,597.88"
1993/2/12,"6,580.04"
1993/2/13,"6,694.77"
1993/2/16,"6,711.32"
1993/2/17,"6,747.20"
1993/2/18,"6,752.70"
1993/2/19,"6,830.05"
1993/2/20,"6,813.72"
1993/2/23,"6,814.07"
1993/2/24,"6,735.71"
1993/2/25,"6,791.99"
1993/2/26,"6,842.04"
1993/2/27,"6,900.61"
1993/3/1,"7,041.56"
1993/3/2,"7,130.32"
1993/3/3,"7,086.28"
1993/3/4,"7,190.47"
1993/3/5,"7,098.04"
1993/3/8,"7,054.90"
1993/3/9,"7,128.94"
1993/3/10,"7,027.75"
1993/3/11,"7,032.04"
1993/3/12,"6,951.41"
1993/3/15,"6,783.50"
1993/3/16,"6,736.22"
1993/3/17,"6,724.21"
1993/3/18,"6,937.91"
1993/3/19,"6,966.59"
1993/3/22,"6,501.30"
1993/3/23,"6,310.12"
1993/3/24,"6,351.69"
1993/3/25,"6,293.60"
1993/3/26,"6,268.95"
1993/3/29,"6,618.03"
1993/3/30,"6,639.09"
1993/3/31,"6,667.18"
1993/4/1,"6,668.51"
1993/4/2,"6,691.05"
1993/4/5,"6,831.29"
1993/4/6,"6,783.05"
1993/4/7,"6,794.50"
1993/4/8,"6,821.20"
1993/4/9,"6,767.53"
1993/4/12,"6,928.45"
1993/4/13,"6,945.38"
1993/4/14,"7,033.13"
1993/4/15,"6,886.55"
1993/4/16,"6,969.77"
1993/4/19,"6,929.88"
1993/4/20,"6,951.13"
1993/4/21,"6,961.64"
1993/4/22,"6,881.75"
1993/4/23,"6,898.11"
1993/4/26,"6,859.88"
1993/4/27,"6,794.56"
1993/4/28,"6,720.91"
1993/4/29,"6,544.53"
1993/4/30,"6,253.81"
1993/5/3,"6,163.81"
1993/5/4,"6,326.00"
1993/5/5,"5,984.64"
1993/5/6,"6,041.43"
1993/5/7,"6,174.81"
1993/5/10,"5,954.81"
1993/5/11,"6,017.49"
1993/5/12,"6,091.53"
1993/5/13,"6,049.92"
1993/5/14,"5,906.02"
1993/5/17,"5,605.38"
1993/5/18,"5,681.77"
1993/5/19,"5,991.60"
1993/5/20,"5,946.21"
1993/5/21,"6,099.20"
1993/5/24,"6,075.82"
1993/5/25,"6,092.81"
1993/5/26,"6,163.28"
1993/5/27,"6,171.62"
1993/5/28,"6,278.22"
1993/5/31,"6,115.32"
1993/6/1,"6,123.97"
1993/6/2,"6,010.89"
1993/6/3,"5,801.97"
1993/6/4,"5,856.90"
1993/6/7,"6,072.69"
1993/6/8,"6,125.23"
1993/6/9,"6,103.78"
1993/6/10,"6,004.72"
1993/6/11,"5,869.47"
1993/6/14,"5,710.29"
1993/6/15,"5,789.22"
1993/6/16,"5,700.80"
1993/6/17,"5,811.10"
1993/6/18,"5,713.58"
1993/6/21,"5,701.61"
1993/6/23,"5,879.15"
1993/6/24,"5,936.62"
1993/6/25,"5,960.87"
1993/6/28,"5,867.70"
1993/6/29,"5,900.69"
1993/6/30,"6,002.11"
1993/7/1,"6,014.17"
1993/7/2,"5,921.45"
1993/7/5,"5,832.10"
1993/7/6,"5,908.49"
1993/7/7,"5,905.33"
1993/7/8,"5,899.31"
1993/7/9,"5,965.76"
1993/7/12,"5,949.53"
1993/7/13,"5,896.52"
1993/7/14,"5,833.42"
1993/7/15,"5,753.47"
1993/7/16,"5,711.43"
1993/7/19,"5,698.25"
1993/7/20,"5,531.04"
1993/7/21,"5,624.88"
1993/7/22,"5,608.95"
1993/7/23,"5,608.45"
1993/7/26,"5,565.06"
1993/7/27,"5,636.08"
1993/7/28,"5,623.98"
1993/7/29,"5,593.94"
1993/7/30,"5,670.90"
1993/8/2,"5,601.67"
1993/8/3,"5,620.96"
1993/8/4,"5,577.10"
1993/8/5,"5,697.83"
1993/8/6,"5,668.99"
1993/8/9,"5,672.17"
1993/8/10,"5,668.81"
1993/8/11,"5,644.54"
1993/8/12,"5,648.25"
1993/8/13,"5,671.35"
1993/8/16,"5,631.73"
1993/8/17,"5,623.75"
1993/8/18,"5,713.90"
1993/8/19,"5,898.75"
1993/8/20,"5,920.15"
1993/8/23,"5,962.91"
1993/8/26,"6,128.36"
1993/8/27,"6,111.83"
1993/8/30,"6,104.11"
1993/8/31,"6,079.49"
1993/9/1,"6,177.14"
1993/9/2,"6,172.19"
1993/9/3,"6,075.48"
1993/9/6,"6,091.14"
1993/9/7,"6,165.96"
1993/9/8,"6,165.11"
1993/9/9,"6,162.97"
1993/9/10,"6,166.41"
1993/9/13,"6,253.00"
1993/9/14,"6,244.74"
1993/9/15,"6,193.54"
1993/9/16,"6,214.71"
1993/9/17,"6,138.08"
1993/9/20,"6,186.86"
1993/9/21,"6,276.24"
1993/9/22,"6,298.32"
1993/9/23,"6,263.58"
1993/9/24,"6,216.06"
1993/9/27,"6,170.71"
1993/9/29,"6,129.25"
1993/9/30,"6,167.30"
1993/10/1,"6,272.47"
1993/10/4,"6,412.42"
1993/10/5,"6,415.65"
1993/10/6,"6,394.27"
1993/10/7,"6,438.99"
1993/10/8,"6,438.10"
1993/10/11,"6,424.51"
1993/10/12,"6,308.75"
1993/10/13,"6,291.36"
1993/10/14,"6,152.17"
1993/10/15,"6,141.36"
1993/10/18,"6,089.97"
1993/10/19,"6,127.61"
1993/10/20,"6,107.09"
1993/10/21,"6,116.68"
1993/10/22,"6,092.86"
1993/10/26,"5,974.92"
1993/10/27,"5,962.35"
1993/10/28,"6,009.40"
1993/10/29,"6,020.34"
1993/11/1,"5,967.84"
1993/11/2,"6,076.98"
1993/11/3,"6,185.91"
1993/11/4,"6,183.67"
1993/11/5,"6,258.13"
1993/11/8,"6,264.72"
1993/11/9,"6,272.89"
1993/11/10,"6,276.36"
1993/11/11,"6,198.31"
1993/11/12,"6,243.31"
1993/11/15,"6,232.26"
1993/11/16,"6,236.64"
1993/11/17,"6,360.97"
1993/11/18,"6,382.93"
1993/11/19,"6,358.72"
1993/11/22,"6,160.22"
1993/11/23,"6,173.60"
1993/11/24,"6,237.13"
1993/11/25,"6,177.97"
1993/11/26,"6,097.16"
1993/11/29,"6,104.13"
1993/11/30,"6,166.92"
1993/12/1,"6,118.23"
1993/12/2,"6,191.38"
1993/12/3,"6,218.10"
1993/12/6,"6,245.43"
1993/12/7,"6,251.87"
1993/12/8,"6,217.30"
1993/12/9,"6,239.94"
1993/12/10,"6,237.47"
1993/12/13,"6,202.92"
1993/12/14,"6,235.38"
1993/12/15,"6,333.44"
1993/12/16,"6,351.00"
1993/12/17,"6,340.54"
1993/12/20,"6,315.87"
1993/12/21,"6,317.89"
1993/12/22,"6,332.32"
1993/12/23,"6,328.94"
1993/12/24,"6,351.89"
1993/12/27,"6,316.56"
1993/12/28,"6,331.99"
1993/12/29,"6,424.77"
1993/12/30,"6,437.82"
1993/12/31,"6,478.80"
1994/1/3,"6,482.42"
1994/1/4,"6,395.19"
1994/1/5,"6,319.12"
1994/1/6,"6,312.52"
1994/1/7,"6,263.85"
1994/1/10,"6,271.09"
1994/1/11,"6,305.71"
1994/1/12,"6,203.80"
1994/1/13,"6,177.27"
1994/1/14,"6,214.81"
1994/1/17,"6,273.64"
1994/1/18,"6,261.30"
1994/1/19,"6,220.97"
1994/1/20,"6,213.31"
1994/1/21,"6,171.96"
1994/1/24,"6,090.25"
1994/1/25,"6,102.14"
1994/1/26,"6,157.67"
1994/1/27,"6,165.47"
1994/1/28,"6,204.69"
1994/1/31,"6,325.31"
1994/2/1,"6,311.91"
1994/2/2,"6,351.11"
1994/2/3,"6,367.90"
1994/2/14,"6,450.00"
1994/2/15,"6,460.54"
1994/2/16,"6,482.81"
1994/2/17,"6,407.67"
1994/2/18,"6,453.34"
1994/2/21,"6,482.19"
1994/2/22,"6,444.61"
1994/2/23,"6,459.75"
1994/2/24,"6,466.95"
1994/2/25,"6,550.84"
1994/3/1,"6,605.56"
1994/3/2,"6,569.22"
1994/3/3,"6,545.08"
1994/3/4,"6,535.84"
1994/3/7,"6,564.23"
1994/3/8,"6,514.44"
1994/3/9,"6,556.59"
1994/3/10,"6,534.69"
1994/3/11,"6,547.04"
1994/3/14,"6,495.62"
1994/3/15,"6,398.51"
1994/3/16,"6,407.88"
1994/3/17,"6,365.78"
1994/3/18,"6,377.90"
1994/3/21,"6,393.74"
1994/3/22,"6,351.35"
1994/3/23,"6,352.09"
1994/3/24,"6,332.57"
1994/3/25,"6,401.07"
1994/3/28,"6,382.95"
1994/3/29,"6,290.62"
1994/3/30,"6,287.18"
1994/3/31,"6,337.73"
1994/4/1,"6,361.87"
1994/4/4,"6,352.55"
1994/4/6,"6,345.76"
1994/4/7,"6,301.72"
1994/4/8,"6,356.92"
1994/4/11,"6,309.80"
1994/4/12,"6,325.07"
1994/4/13,"6,329.50"
1994/4/14,"6,306.91"
1994/4/15,"6,213.72"
1994/4/18,"6,030.95"
1994/4/19,"6,065.96"
1994/4/20,"6,007.57"
1994/4/21,"6,038.15"
1994/4/22,"6,064.64"
1994/4/25,"6,076.48"
1994/4/26,"6,126.02"
1994/4/27,"6,097.54"
1994/4/28,"6,165.29"
1994/4/29,"6,139.75"
1994/5/3,"6,139.92"
1994/5/4,"6,124.57"
1994/5/5,"6,255.23"
1994/5/6,"6,297.93"
1994/5/9,"6,296.76"
1994/5/10,"6,278.76"
1994/5/11,"6,244.29"
1994/5/12,"6,262.73"
1994/5/13,"6,312.20"
1994/5/16,"6,253.52"
1994/5/17,"6,219.90"
1994/5/18,"6,216.54"
1994/5/19,"6,301.76"
1994/5/20,"6,284.85"
1994/5/23,"6,211.84"
1994/5/24,"6,236.90"
1994/5/25,"6,215.18"
1994/5/26,"6,268.91"
1994/5/27,"6,323.92"
1994/5/30,"6,342.89"
1994/5/31,"6,345.05"
1994/6/1,"6,302.88"
1994/6/2,"6,376.76"
1994/6/3,"6,449.09"
1994/6/6,"6,480.36"
1994/6/7,"6,447.19"
1994/6/8,"6,506.18"
1994/6/9,"6,489.56"
1994/6/10,"6,538.60"
1994/6/13,"6,601.03"
1994/6/14,"6,574.74"
1994/6/15,"6,623.87"
1994/6/16,"6,656.84"
1994/6/17,"6,669.00"
1994/6/20,"6,672.68"
1994/6/21,"6,653.15"
1994/6/22,"6,747.98"
1994/6/23,"6,767.18"
1994/6/24,"6,732.27"
1994/6/27,"6,692.49"
1994/6/28,"6,707.68"
1994/6/29,"6,617.40"
1994/6/30,"6,630.72"
1994/7/1,"6,663.24"
1994/7/4,"6,662.99"
1994/7/5,"6,632.64"
1994/7/6,"6,634.97"
1994/7/7,"6,628.57"
1994/7/8,"6,617.65"
1994/7/11,"6,723.77"
1994/7/12,"6,789.57"
1994/7/13,"6,821.60"
1994/7/14,"6,880.15"
1994/7/15,"6,872.33"
1994/7/19,"6,895.75"
1994/7/20,"6,905.16"
1994/7/21,"6,885.72"
1994/7/22,"6,874.13"
1994/7/25,"6,917.34"
1994/7/26,"6,878.01"
1994/7/27,"6,838.38"
1994/7/28,"6,897.52"
1994/7/29,"6,830.34"
1994/8/1,"6,826.38"
1994/8/2,"6,868.94"
1994/8/3,"6,995.11"
1994/8/4,"6,992.07"
1994/8/8,"6,923.03"
1994/8/9,"6,927.89"
1994/8/10,"6,910.08"
1994/8/11,"6,928.63"
1994/8/12,"6,928.18"
1994/8/15,"6,813.51"
1994/8/16,"6,812.83"
1994/8/17,"6,814.63"
1994/8/18,"6,779.83"
1994/8/19,"6,729.65"
1994/8/22,"6,781.88"
1994/8/23,"6,770.29"
1994/8/24,"6,697.38"
1994/8/25,"6,685.44"
1994/8/26,"6,714.87"
1994/8/29,"6,620.31"
1994/8/30,"6,602.38"
1994/8/31,"6,605.52"
1994/9/2,"6,700.70"
1994/9/5,"6,681.91"
1994/9/6,"6,727.25"
1994/9/7,"6,728.76"
1994/9/8,"6,738.51"
1994/9/9,"6,704.74"
1994/9/12,"6,755.21"
1994/9/13,"6,759.74"
1994/9/14,"6,737.64"
1994/9/15,"6,665.23"
1994/9/16,"6,609.24"
1994/9/19,"6,615.40"
1994/9/20,"6,691.92"
1994/9/21,"6,650.43"
1994/9/22,"6,546.06"
1994/9/23,"6,495.10"
1994/9/26,"6,500.21"
1994/9/27,"6,516.48"
1994/9/28,"6,501.50"
1994/9/29,"6,596.00"
1994/9/30,"6,715.21"
1994/10/3,"6,721.04"
1994/10/4,"6,741.05"
1994/10/5,"6,733.25"
1994/10/6,"6,690.52"
1994/10/7,"6,675.20"
1994/10/11,"6,658.46"
1994/10/12,"6,571.54"
1994/10/13,"6,541.60"
1994/10/14,"6,551.45"
1994/10/17,"6,394.71"
1994/10/18,"6,399.67"
1994/10/19,"6,249.77"
1994/10/20,"6,308.87"
1994/10/21,"6,298.72"
1994/10/24,"6,275.17"
1994/10/25,"6,279.60"
1994/10/26,"6,257.09"
1994/10/27,"6,213.69"
1994/10/28,"6,182.73"
1994/10/31,"6,326.87"
1994/11/1,"6,364.31"
1994/11/2,"6,443.29"
1994/11/3,"6,429.73"
1994/11/4,"6,488.71"
1994/11/7,"6,432.34"
1994/11/8,"6,420.53"
1994/11/9,"6,553.81"
1994/11/10,"6,572.82"
1994/11/11,"6,668.19"
1994/11/14,"6,677.35"
1994/11/15,"6,619.32"
1994/11/16,"6,636.29"
1994/11/17,"6,608.61"
1994/11/18,"6,702.79"
1994/11/21,"6,699.14"
1994/11/22,"6,650.59"
1994/11/23,"6,721.23"
1994/11/24,"6,708.47"
1994/11/25,"6,726.38"
1994/11/28,"6,809.39"
1994/11/29,"6,738.79"
1994/11/30,"6,808.99"
1994/12/1,"6,783.03"
1994/12/2,"6,836.96"
1994/12/5,"6,967.97"
1994/12/6,"6,970.39"
1994/12/7,"6,947.35"
1994/12/8,"6,859.18"
1994/12/9,"6,875.82"
1994/12/12,"6,877.95"
1994/12/13,"6,872.34"
1994/12/14,"6,843.99"
1994/12/15,"6,869.36"
1994/12/16,"6,970.58"
1994/12/19,"7,059.20"
1994/12/20,"7,055.27"
1994/12/21,"7,103.61"
1994/12/22,"7,043.59"
1994/12/23,"7,148.49"
1994/12/26,"7,172.80"
1994/12/27,"7,169.31"
1994/12/28,"7,161.42"
1994/12/29,"7,217.54"
1994/12/30,"7,187.69"
1995/1/2,"7,092.99"
1995/1/3,"7,235.36"
1995/1/4,"7,262.44"
1995/1/5,"7,365.00"
1995/1/6,"7,348.47"
1995/1/9,"7,400.69"
1995/1/10,"7,362.28"
1995/1/11,"7,393.55"
1995/1/12,"7,382.27"
1995/1/13,"7,334.78"
1995/1/16,"7,380.70"
1995/1/17,"7,366.28"
1995/1/18,"7,133.45"
1995/1/19,"7,148.13"
1995/1/20,"7,119.96"
1995/1/23,"7,005.08"
1995/1/24,"7,081.88"
1995/1/25,"7,169.96"
1995/2/3,"7,238.47"
1995/2/6,"7,376.07"
1995/2/7,"7,376.20"
1995/2/8,"7,270.87"
1995/2/9,"7,277.47"
1995/2/10,"7,238.82"
1995/2/13,"7,203.01"
1995/2/14,"7,258.63"
1995/2/15,"7,242.74"
1995/2/16,"7,336.52"
1995/2/17,"7,325.35"
1995/2/20,"7,339.40"
1995/2/21,"7,278.99"
1995/2/22,"7,168.34"
1995/2/23,"7,106.85"
1995/2/24,"7,176.59"
1995/2/27,"7,202.28"
1995/3/1,"7,259.09"
1995/3/2,"7,291.55"
1995/3/3,"7,193.53"
1995/3/6,"7,217.82"
1995/3/7,"7,128.22"
1995/3/8,"7,090.26"
1995/3/9,"7,119.79"
1995/3/10,"7,124.40"
1995/3/13,"7,183.62"
1995/3/14,"7,090.74"
1995/3/15,"7,155.16"
1995/3/16,"7,140.10"
1995/3/17,"7,165.99"
1995/3/20,"7,152.76"
1995/3/21,"7,088.57"
1995/3/22,"7,015.27"
1995/3/23,"6,986.01"
1995/3/24,"6,999.20"
1995/3/27,"7,048.85"
1995/3/28,"7,083.98"
1995/3/29,"7,132.47"
1995/3/30,"7,185.19"
1995/3/31,"7,259.73"
1995/4/3,"7,311.09"
1995/4/4,"7,316.40"
1995/4/6,"7,420.92"
1995/4/7,"7,444.10"
1995/4/10,"7,442.67"
1995/4/11,"7,416.92"
1995/4/12,"7,473.25"
1995/4/13,"7,525.11"
1995/4/14,"7,631.36"
1995/4/17,"7,683.55"
1995/4/18,"7,671.88"
1995/4/19,"7,726.02"
1995/4/20,"7,796.22"
1995/4/21,"7,785.59"
1995/4/24,"7,788.86"
1995/4/25,"7,749.24"
1995/4/26,"7,868.93"
1995/4/27,"7,832.96"
1995/4/28,"7,872.00"
1995/5/2,"7,902.54"
1995/5/3,"7,949.49"
1995/5/4,"8,062.18"
1995/5/5,"8,090.05"
1995/5/8,"8,203.78"
1995/5/9,"8,110.37"
1995/5/10,"8,039.86"
1995/5/11,"8,080.19"
1995/5/12,"7,989.65"
1995/5/15,"7,877.02"
1995/5/16,"7,760.18"
1995/5/17,"7,811.69"
1995/5/18,"7,721.62"
1995/5/19,"7,765.66"
1995/5/22,"7,616.48"
1995/5/23,"7,512.99"
1995/5/24,"7,549.25"
1995/5/25,"7,532.61"
1995/5/26,"7,552.21"
1995/5/29,"7,551.52"
1995/5/30,"7,516.47"
1995/6/1,"7,545.03"
1995/6/2,"7,640.32"
1995/6/5,"7,372.05"
1995/6/6,"7,388.52"
1995/6/7,"7,259.50"
1995/6/8,"6,951.25"
1995/6/9,"7,075.10"
1995/6/12,"7,073.58"
1995/6/13,"6,962.88"
1995/6/14,"7,107.76"
1995/6/15,"7,061.75"
1995/6/16,"7,228.56"
1995/6/19,"7,236.56"
1995/6/20,"7,022.50"
1995/6/21,"6,952.85"
1995/6/22,"7,158.80"
1995/6/23,"7,122.55"
1995/6/26,"7,201.73"
1995/6/27,"7,256.56"
1995/6/28,"7,222.54"
1995/6/29,"7,299.02"
1995/6/30,"7,406.68"
1995/7/3,"7,422.82"
1995/7/4,"7,443.03"
1995/7/5,"7,373.22"
1995/7/6,"7,376.61"
1995/7/7,"7,378.61"
1995/7/10,"7,403.56"
1995/7/11,"7,364.36"
1995/7/12,"7,360.18"
1995/7/13,"7,295.53"
1995/7/14,"7,140.77"
1995/7/17,"6,952.55"
1995/7/18,"7,004.40"
1995/7/19,"6,997.04"
1995/7/20,"7,195.13"
1995/7/21,"7,169.42"
1995/7/24,"7,104.49"
1995/7/25,"7,161.35"
1995/7/26,"7,166.49"
1995/7/27,"7,262.52"
1995/7/28,"7,288.26"
1995/7/31,"7,260.48"
1995/8/1,"7,263.98"
1995/8/2,"7,312.58"
1995/8/3,"7,313.03"
1995/8/4,"7,291.55"
1995/8/7,"7,266.14"
1995/8/8,"7,370.27"
1995/8/9,"7,454.19"
1995/8/10,"7,481.92"
1995/8/11,"7,474.43"
1995/8/14,"7,524.54"
1995/8/15,"7,529.13"
1995/8/16,"7,623.59"
1995/8/17,"7,675.58"
1995/8/18,"7,662.14"
1995/8/21,"7,418.51"
1995/8/22,"7,515.91"
1995/8/23,"7,477.51"
1995/8/24,"7,476.85"
1995/8/25,"7,451.15"
1995/8/28,"7,358.15"
1995/8/29,"7,398.41"
1995/8/30,"7,521.04"
1995/8/31,"7,550.08"
1995/9/1,"7,595.79"
1995/9/4,"7,709.54"
1995/9/5,"7,691.43"
1995/9/6,"7,638.64"
1995/9/7,"7,635.45"
1995/9/8,"7,644.58"
1995/9/11,"7,645.87"
1995/9/12,"7,568.23"
1995/9/13,"7,613.17"
1995/9/14,"7,539.60"
1995/9/15,"7,633.80"
1995/9/18,"7,867.13"
1995/9/19,"7,866.52"
1995/9/20,"7,861.97"
1995/9/21,"7,875.82"
1995/9/22,"7,871.14"
1995/9/25,"7,900.41"
1995/9/26,"7,889.60"
1995/9/27,"7,940.49"
1995/9/28,"7,870.61"
1995/9/29,"7,868.25"
1995/10/2,"7,957.37"
1995/10/3,"7,952.72"
1995/10/4,"7,859.47"
1995/10/5,"7,999.33"
1995/10/11,"8,010.10"
1995/10/12,"7,984.85"
1995/10/13,"8,081.13"
1995/10/14,"8,090.34"
1995/10/16,"8,175.60"
1995/10/17,"8,088.39"
1995/10/18,"8,022.62"
1995/10/19,"7,997.75"
1995/10/20,"8,047.53"
1995/10/23,"8,048.59"
1995/10/24,"8,113.94"
1995/10/25,"8,071.04"
1995/10/26,"8,095.06"
1995/10/27,"8,101.81"
1995/10/30,"7,997.15"
1995/10/31,"8,027.01"
1995/11/1,"8,018.63"
1995/11/2,"8,091.96"
1995/11/3,"8,187.43"
1995/11/6,"8,140.36"
1995/11/7,"8,213.77"
1995/11/8,"8,206.55"
1995/11/9,"8,175.45"
1995/11/10,"8,201.82"
1995/11/13,"8,158.22"
1995/11/14,"8,235.93"
1995/11/15,"8,273.45"
1995/11/16,"8,297.03"
1995/11/17,"8,299.38"
1995/11/20,"8,301.60"
1995/11/21,"8,356.72"
1995/11/22,"8,401.40"
1995/11/23,"8,442.46"
1995/11/24,"8,491.24"
1995/11/27,"8,572.17"
1995/11/28,"8,511.34"
1995/11/29,"8,544.78"
1995/11/30,"8,651.70"
1995/12/1,"8,704.13"
1995/12/4,"8,742.35"
1995/12/5,"8,699.93"
1995/12/6,"8,795.31"
1995/12/7,"8,787.52"
1995/12/8,"8,730.11"
1995/12/11,"8,702.47"
1995/12/12,"8,526.92"
1995/12/13,"8,517.51"
1995/12/14,"8,551.93"
1995/12/15,"8,618.71"
1995/12/18,"8,716.80"
1995/12/19,"8,687.38"
1995/12/20,"8,743.93"
1995/12/21,"8,712.60"
1995/12/22,"8,748.65"
1995/12/25,"8,742.17"
1995/12/26,"8,834.52"
1995/12/27,"8,840.91"
1995/12/28,"8,840.63"
1995/12/29,"8,944.43"
1996/1/2,"9,055.41"
1996/1/3,"9,051.41"
1996/1/4,"9,071.09"
1996/1/5,"8,957.97"
1996/1/8,"8,844.95"
1996/1/9,"8,905.89"
1996/1/10,"8,801.28"
1996/1/11,"8,709.87"
1996/1/12,"8,873.54"
1996/1/15,"8,898.44"
1996/1/16,"8,908.25"
1996/1/17,"8,956.15"
1996/1/18,"9,026.12"
1996/1/19,"8,963.13"
1996/1/22,"8,965.86"
1996/1/23,"8,977.17"
1996/1/24,"9,072.26"
1996/1/25,"9,058.81"
1996/1/26,"8,941.68"
1996/1/29,"8,862.19"
1996/1/30,"8,848.61"
1996/1/31,"8,802.58"
1996/2/1,"8,804.75"
1996/2/2,"8,891.05"
1996/2/5,"8,898.00"
1996/2/6,"9,003.91"
1996/2/7,"8,974.54"
1996/2/8,"8,965.58"
1996/2/9,"8,985.36"
1996/2/12,"8,890.29"
1996/2/13,"8,845.09"
1996/2/14,"8,928.11"
1996/2/26,"9,031.86"
1996/2/27,"9,033.88"
1996/3/1,"8,778.60"
1996/3/2,"8,769.56"
1996/3/3,"8,723.13"
1996/3/5,"8,396.63"
1996/3/6,"8,518.38"
1996/3/7,"8,552.49"
1996/3/8,"8,658.79"
1996/3/9,"8,652.30"
1996/3/12,"8,721.98"
1996/3/13,"8,784.69"
1996/3/14,"8,654.67"
1996/3/15,"8,798.36"
1996/3/16,"8,825.62"
1996/3/19,"8,845.81"
1996/3/20,"8,844.37"
1996/3/21,"8,868.18"
1996/3/22,"8,944.37"
1996/3/23,"8,985.12"
1996/3/26,"9,006.27"
1996/3/27,"8,968.94"
1996/3/28,"8,903.75"
1996/3/29,"8,972.56"
1996/3/30,"9,013.81"
1996/4/2,"9,014.47"
1996/4/3,"9,069.26"
1996/4/4,"9,151.23"
1996/4/9,"9,210.61"
1996/4/10,"9,201.28"
1996/4/11,"9,242.50"
1996/4/12,"9,231.93"
1996/4/13,"9,148.59"
1996/4/14,"9,197.54"
1996/4/16,"9,195.73"
1996/4/17,"9,099.41"
1996/4/18,"9,149.74"
1996/4/19,"9,018.63"
1996/4/20,"9,080.41"
1996/4/23,"9,157.91"
1996/4/24,"9,197.41"
1996/4/25,"9,128.41"
1996/4/26,"9,146.00"
1996/4/27,"9,088.13"
1996/4/30,"9,003.53"
1996/5/2,"9,035.11"
1996/5/3,"9,062.11"
1996/5/4,"9,221.48"
1996/5/7,"9,277.74"
1996/5/8,"9,255.53"
1996/5/9,"9,206.20"
1996/5/10,"9,256.69"
1996/5/11,"9,182.01"
1996/5/14,"9,180.90"
1996/5/15,"9,117.41"
1996/5/16,"9,132.89"
1996/5/17,"9,189.35"
1996/5/18,"9,185.19"
1996/5/21,"9,308.04"
1996/5/22,"9,362.28"
1996/5/23,"9,400.20"
1996/5/24,"9,394.05"
1996/5/25,"9,329.52"
1996/5/28,"9,325.92"
1996/5/29,"9,354.12"
1996/5/30,"9,315.08"
1996/5/31,"9,312.34"
1996/6/1,"9,432.33"
1996/6/4,"9,483.66"
1996/6/5,"9,494.18"
1996/6/6,"9,506.41"
1996/6/7,"9,552.80"
1996/6/8,"9,526.19"
1996/6/11,"9,570.09"
1996/6/12,"9,606.10"
1996/6/13,"9,578.70"
1996/6/14,"9,698.44"
1996/6/15,"9,839.88"
1996/6/20,"10,068.45"
1996/6/21,"10,178.96"
1996/6/22,"10,172.70"
1996/6/23,"10,134.22"
1996/6/25,"10,279.43"
1996/6/26,"10,194.98"
1996/6/27,"10,183.42"
1996/6/28,"10,239.63"
1996/6/29,"10,228.66"
1996/7/2,"10,296.83"
1996/7/3,"10,376.97"
1996/7/4,"10,462.04"
1996/7/5,"10,562.59"
1996/7/6,"10,609.09"
1996/7/9,"10,819.44"
1996/7/10,"10,844.28"
1996/7/11,"10,758.76"
1996/7/12,"10,842.35"
1996/7/13,"10,977.98"
1996/7/16,"10,921.03"
1996/7/17,"11,034.05"
1996/7/18,"11,013.77"
1996/7/19,"11,012.99"
1996/7/20,"11,147.16"
1996/7/23,"11,189.64"
1996/7/24,"11,340.50"
1996/7/25,"11,345.06"
1996/7/26,"11,178.50"
1996/7/27,"10,711.87"
1996/7/30,"10,615.37"
1996/7/31,"10,873.30"
1996/8/1,"10,414.62"
1996/8/2,"10,501.24"
1996/8/3,"10,627.94"
1996/8/6,"10,492.07"
1996/8/7,"10,401.06"
1996/8/8,"10,685.63"
1996/8/9,"10,791.39"
1996/8/10,"10,501.58"
1996/8/13,"10,511.62"
1996/8/14,"10,491.77"
1996/8/15,"10,119.26"
1996/8/16,"9,663.04"
1996/8/17,"9,534.77"
1996/8/20,"10,039.73"
1996/8/21,"9,999.32"
1996/8/22,"10,017.56"
1996/8/23,"10,305.38"
1996/8/24,"10,255.01"
1996/8/27,"10,296.28"
1996/8/28,"10,308.17"
1996/8/29,"10,208.93"
1996/8/30,"10,361.70"
1996/8/31,"10,610.91"
1996/9/3,"10,609.35"
1996/9/4,"10,545.41"
1996/9/5,"10,534.90"
1996/9/6,"10,657.26"
1996/9/7,"10,659.47"
1996/9/10,"10,565.99"
1996/9/11,"10,644.35"
1996/9/12,"10,662.18"
1996/9/13,"10,555.41"
1996/9/14,"10,678.64"
1996/9/17,"10,523.01"
1996/9/19,"10,554.40"
1996/9/20,"10,621.84"
1996/9/21,"10,768.53"
1996/9/26,"10,948.52"
1996/9/27,"11,133.24"
1996/9/28,"11,131.63"
1996/9/29,"11,208.00"
1996/10/1,"11,222.16"
1996/10/2,"11,381.85"
1996/10/3,"11,472.82"
1996/10/4,"11,386.85"
1996/10/5,"11,374.87"
1996/10/8,"11,493.26"
1996/10/9,"11,401.78"
1996/10/11,"11,470.21"
1996/10/12,"11,232.23"
1996/10/15,"11,258.51"
1996/10/16,"11,346.06"
1996/10/17,"11,310.33"
1996/10/18,"11,398.93"
1996/10/19,"11,368.95"
1996/10/22,"11,071.95"
1996/10/23,"11,239.63"
1996/10/24,"11,168.93"
1996/10/25,"11,317.84"
1996/10/26,"11,392.65"
1996/10/29,"11,603.63"
1996/10/30,"11,542.18"
1996/10/31,"11,487.10"
1996/11/1,"11,353.28"
1996/11/2,"10,968.69"
1996/11/5,"11,010.69"
1996/11/6,"10,992.00"
1996/11/7,"11,000.78"
1996/11/8,"10,571.83"
1996/11/9,"10,611.26"
1996/11/12,"10,256.04"
1996/11/13,"10,322.99"
1996/11/14,"10,578.16"
1996/11/15,"10,533.78"
1996/11/16,"10,367.47"
1996/11/19,"10,267.99"
1996/11/20,"10,268.16"
1996/11/21,"10,035.44"
1996/11/22,"10,053.64"
1996/11/23,"9,867.72"
1996/11/26,"10,087.90"
1996/11/27,"9,907.42"
1996/11/28,"9,789.73"
1996/11/29,"9,991.73"
1996/11/30,"10,156.58"
1996/12/3,"10,153.55"
1996/12/4,"10,233.69"
1996/12/5,"10,264.05"
1996/12/6,"10,284.71"
1996/12/7,"10,317.80"
1996/12/10,"10,170.69"
1996/12/11,"10,218.37"
1996/12/12,"10,043.90"
1996/12/13,"9,685.62"
1996/12/14,"9,602.96"
1996/12/17,"9,263.19"
1996/12/18,"9,235.44"
1996/12/19,"9,480.21"
1996/12/20,"9,294.22"
1996/12/21,"9,394.01"
1996/12/24,"9,623.54"
1996/12/25,"9,660.91"
1996/12/26,"9,648.28"
1996/12/27,"9,834.39"
1996/12/28,"9,932.84"
1996/12/31,"10,062.16"
1997/1/2,"9,845.42"
1997/1/3,"9,681.17"
1997/1/4,"9,724.82"
1997/1/7,"9,325.32"
1997/1/8,"9,419.41"
1997/1/9,"9,563.90"
1997/1/10,"9,531.03"
1997/1/11,"9,497.95"
1997/1/14,"9,668.41"
1997/1/15,"9,970.57"
1997/1/16,"9,675.66"
1997/1/17,"9,583.50"
1997/1/18,"9,681.71"
1997/1/21,"9,593.64"
1997/1/22,"8,968.78"
1997/1/23,"8,763.48"
1997/1/24,"8,892.00"
1997/1/25,"9,155.24"
1997/1/28,"8,855.02"
1997/1/29,"8,962.22"
1997/1/30,"8,923.28"
1997/1/31,"8,896.82"
1997/2/1,"9,077.64"
1997/2/12,"8,934.87"
1997/2/13,"8,931.62"
1997/2/14,"9,303.92"
1997/2/15,"9,317.04"
1997/2/18,"9,334.23"
1997/2/19,"9,492.16"
1997/2/20,"9,338.45"
1997/2/21,"9,564.93"
1997/2/22,"9,591.87"
1997/2/25,"9,801.96"
1997/2/26,"9,827.23"
1997/2/27,"10,009.88"
97/02/29,"9,951.54"
1997/3/3,"9,774.24"
1997/3/4,"10,019.38"
1997/3/5,"10,035.75"
1997/3/6,"10,242.39"
1997/3/7,"10,091.86"
1997/3/10,"9,817.41"
1997/3/11,"9,914.68"
1997/3/12,"9,978.20"
1997/3/13,"9,712.86"
1997/3/14,"9,654.20"
1997/3/17,"9,469.74"
1997/3/18,"9,531.68"
1997/3/19,"9,675.44"
1997/3/20,"9,862.66"
1997/3/21,"10,084.30"
1997/3/24,"10,486.91"
1997/3/25,"10,403.80"
1997/3/26,"10,371.78"
1997/3/27,"10,180.07"
1997/3/28,"10,200.80"
1997/3/31,"10,140.60"
1997/4/1,"9,959.77"
1997/4/2,"10,179.32"
1997/4/3,"10,168.70"
1997/4/7,"10,326.56"
1997/4/8,"10,259.20"
1997/4/9,"10,253.39"
1997/4/10,"10,444.39"
1997/4/11,"10,539.23"
1997/4/14,"10,519.24"
1997/4/15,"10,557.21"
1997/4/16,"10,724.32"
1997/4/17,"10,753.16"
1997/4/18,"10,734.14"
1997/4/21,"10,744.76"
1997/4/22,"10,690.26"
1997/4/23,"10,656.23"
1997/4/24,"10,634.76"
1997/4/25,"10,584.48"
1997/4/28,"10,740.35"
1997/4/29,"10,518.13"
1997/4/30,"10,551.47"
1997/5/2,"10,603.17"
1997/5/5,"10,453.46"
1997/5/6,"10,477.48"
1997/5/7,"10,559.06"
1997/5/8,"10,488.41"
1997/5/9,"10,400.61"
1997/5/12,"10,445.15"
1997/5/13,"10,633.81"
1997/5/14,"10,667.99"
1997/5/15,"10,832.12"
1997/5/16,"10,879.71"
1997/5/19,"10,995.39"
1997/5/20,"10,727.91"
1997/5/21,"10,664.84"
1997/5/22,"10,655.92"
1997/5/23,"10,450.96"
1997/5/26,"10,300.85"
1997/5/27,"10,384.32"
1997/5/28,"10,251.05"
1997/5/29,"10,273.75"
1997/5/30,"10,195.86"
1997/6/2,"10,320.53"
1997/6/3,"10,148.96"
1997/6/4,"10,206.18"
1997/6/5,"10,337.09"
1997/6/6,"10,345.23"
1997/6/9,"10,159.05"
1997/6/10,"9,901.21"
1997/6/11,"9,873.22"
1997/6/12,"9,538.54"
1997/6/13,"9,589.79"
1997/6/16,"9,665.74"
1997/6/17,"9,703.74"
1997/6/18,"9,751.49"
1997/6/19,"9,550.14"
1997/6/20,"9,377.82"
1997/6/23,"9,347.43"
1997/6/24,"9,183.22"
1997/6/25,"9,341.25"
1997/6/26,"9,290.20"
1997/6/27,"8,977.50"
1997/6/30,"8,947.68"
1997/7/1,"8,815.70"
1997/7/2,"8,786.49"
1997/7/3,"8,843.71"
1997/7/4,"8,647.72"
1997/7/7,"8,784.09"
1997/7/8,"8,457.04"
1997/7/9,"8,456.96"
1997/7/10,"8,497.62"
1997/7/11,"8,703.19"
1997/7/14,"8,607.81"
1997/7/15,"8,234.10"
1997/7/16,"8,133.16"
1997/7/17,"8,462.26"
1997/7/18,"8,270.43"
1997/7/21,"8,601.31"
1997/7/22,"8,585.46"
1997/7/23,"8,884.67"
1997/7/24,"8,988.56"
1997/7/25,"8,830.33"
1997/7/29,"8,575.77"
1997/7/30,"8,648.44"
1997/7/31,"8,604.98"
1997/8/1,"8,580.11"
1997/8/4,"8,550.44"
1997/8/5,"8,354.34"
1997/8/6,"8,626.51"
1997/8/7,"8,629.74"
1997/8/8,"8,867.23"
1997/8/11,"9,012.30"
1997/8/12,"8,986.13"
1997/8/13,"8,993.53"
1997/8/14,"9,042.60"
1997/8/15,"8,884.94"
1997/8/18,"8,643.91"
1997/8/19,"8,620.35"
1997/8/20,"8,698.68"
1997/8/21,"8,555.09"
1997/8/22,"8,548.18"
1997/8/25,"8,703.07"
1997/8/26,"8,624.82"
1997/8/27,"8,769.15"
1997/8/28,"8,711.51"
1997/8/29,"8,733.88"
1997/9/1,"8,445.30"
1997/9/2,"8,305.89"
1997/9/3,"8,163.48"
1997/9/4,"7,954.26"
1997/9/5,"7,824.88"
1997/9/8,"8,261.01"
1997/9/9,"7,971.31"
1997/9/10,"8,012.68"
1997/9/11,"7,757.26"
1997/9/12,"7,830.33"
1997/9/15,"7,510.76"
1997/9/16,"7,154.17"
1997/9/17,"7,209.74"
1997/9/18,"7,013.18"
1997/9/19,"7,421.54"
1997/9/22,"7,596.37"
1997/9/23,"7,685.43"
1997/9/24,"7,624.09"
1997/9/25,"7,534.86"
1997/9/26,"7,371.75"
1997/9/30,"7,110.57"
1997/10/1,"7,166.19"
1997/10/2,"7,091.23"
1997/10/3,"7,139.36"
1997/10/6,"6,845.28"
1997/10/7,"6,869.06"
1997/10/8,"6,474.41"
1997/10/9,"6,380.29"
1997/10/13,"6,243.16"
1997/10/14,"6,580.37"
1997/10/15,"6,524.03"
1997/10/16,"6,312.41"
1997/10/17,"6,188.21"
1997/10/20,"6,152.58"
1997/10/21,"6,166.15"
1997/10/22,"6,066.19"
1997/10/23,"5,901.63"
1997/10/24,"5,713.39"
1997/10/27,"5,448.55"
1997/10/28,"5,489.85"
1997/10/29,"5,498.02"
1997/10/30,"5,843.77"
1997/10/31,"6,077.13"
1997/11/3,"6,232.33"
1997/11/4,"6,229.36"
1997/11/5,"6,211.42"
1997/11/6,"5,856.91"
1997/11/7,"5,917.06"
1997/11/10,"5,914.48"
1997/11/11,"5,787.60"
1997/11/12,"5,758.89"
1997/11/13,"5,537.13"
1997/11/14,"5,555.67"
1997/11/17,"5,539.59"
1997/11/18,"5,371.62"
1997/11/19,"5,345.31"
1997/11/20,"5,103.05"
1997/11/21,"5,204.32"
1997/11/24,"5,191.15"
1997/11/25,"5,323.34"
1997/11/26,"5,329.97"
1997/11/27,"5,556.99"
1997/11/28,"5,565.40"
1997/12/1,"5,637.69"
1997/12/2,"5,436.25"
1997/12/3,"5,374.21"
1997/12/4,"5,308.96"
1997/12/5,"5,271.67"
1997/12/8,"5,512.80"
1997/12/9,"5,580.58"
1997/12/10,"5,812.92"
1997/12/11,"5,808.81"
1997/12/12,"5,591.32"
1997/12/15,"5,756.59"
1997/12/16,"5,760.54"
1997/12/17,"5,799.38"
1997/12/18,"5,857.76"
1997/12/19,"5,857.41"
1997/12/22,"5,659.04"
1997/12/23,"5,497.24"
1997/12/24,"5,518.73"
1997/12/25,"5,506.70"
1997/12/26,"5,521.22"
1997/12/29,"5,510.09"
1997/12/30,"5,725.79"
1997/12/31,"5,728.51"
1998/1/5,"5,862.14"
1998/1/6,"5,898.25"
1998/1/7,"5,976.34"
1998/1/8,"5,659.35"
1998/1/9,"5,618.12"
1998/1/10,"5,574.18"
1998/1/12,"5,557.18"
1998/1/13,"5,655.08"
1998/1/14,"5,641.48"
1998/1/15,"5,391.07"
1998/1/16,"5,432.16"
1998/1/17,"5,447.63"
1998/1/19,"5,448.46"
1998/1/20,"5,293.55"
1998/1/21,"5,300.24"
1998/2/2,"5,315.22"
1998/2/3,"5,456.00"
1998/2/4,"5,477.42"
1998/2/5,"5,444.07"
1998/2/6,"5,578.83"
1998/2/9,"5,607.95"
1998/2/10,"5,647.26"
1998/2/11,"5,709.45"
1998/2/12,"5,572.80"
1998/2/13,"5,730.11"
1998/2/16,"5,728.56"
1998/2/17,"5,604.44"
1998/2/18,"5,612.66"
1998/2/19,"5,650.72"
1998/2/20,"5,536.01"
1998/2/23,"5,586.97"
1998/2/24,"5,527.58"
1998/2/25,"5,606.89"
1998/2/26,"5,637.86"
1998/2/27,"5,686.01"
1998/3/2,"5,522.15"
1998/3/3,"5,534.02"
1998/3/4,"5,666.37"
1998/3/5,"5,785.88"
1998/3/6,"5,806.38"
1998/3/9,"5,774.70"
1998/3/10,"5,828.09"
1998/3/11,"5,939.05"
1998/3/12,"5,932.43"
1998/3/13,"6,110.52"
1998/3/16,"6,202.77"
1998/3/17,"6,290.19"
1998/3/18,"6,297.87"
1998/3/19,"6,283.39"
1998/3/20,"6,190.66"
1998/3/23,"6,393.50"
1998/3/24,"6,540.72"
1998/3/25,"6,670.73"
1998/3/26,"6,720.86"
1998/3/27,"6,726.04"
1998/3/30,"6,495.64"
1998/3/31,"6,501.61"
1998/4/1,"6,630.90"
1998/4/2,"6,829.70"
1998/4/3,"6,899.38"
1998/4/6,"6,932.56"
1998/4/7,"6,958.30"
1998/4/8,"6,791.99"
1998/4/9,"7,071.77"
1998/4/10,"7,214.21"
1998/4/13,"7,308.64"
1998/4/14,"7,352.36"
1998/4/15,"7,330.54"
1998/4/16,"7,482.73"
1998/4/17,"7,181.05"
1998/4/20,"7,213.84"
1998/4/21,"7,338.30"
1998/4/22,"7,344.16"
1998/4/23,"7,330.60"
1998/4/24,"7,337.49"
1998/4/27,"7,118.26"
1998/4/28,"6,983.10"
1998/4/29,"7,004.73"
1998/4/30,"7,476.99"
1998/5/4,"7,898.50"
1998/5/5,"7,960.31"
1998/5/6,"8,193.35"
1998/5/7,"8,201.28"
1998/5/8,"8,215.01"
1998/5/11,"8,294.40"
1998/5/12,"8,026.19"
1998/5/13,"8,091.81"
1998/5/14,"7,940.87"
1998/5/15,"8,096.74"
1998/5/18,"8,207.44"
1998/5/19,"8,304.49"
1998/5/20,"8,364.42"
1998/5/21,"8,383.38"
1998/5/22,"8,406.43"
1998/5/25,"8,402.90"
1998/5/26,"8,338.83"
1998/5/27,"8,597.52"
1998/6/1,"8,676.96"
1998/6/2,"8,674.75"
1998/6/3,"8,604.92"
1998/6/4,"8,471.25"
1998/6/5,"8,447.60"
1998/6/6,"8,559.49"
1998/6/8,"8,274.45"
1998/6/9,"8,007.74"
1998/6/10,"8,067.52"
1998/6/11,"8,198.72"
1998/6/12,"8,049.99"
1998/6/15,"7,772.01"
1998/6/16,"7,766.32"
1998/6/17,"7,735.29"
1998/6/18,"7,671.14"
1998/6/19,"7,780.05"
1998/6/22,"7,917.47"
1998/6/23,"7,738.05"
1998/6/24,"7,966.06"
1998/6/25,"8,063.91"
1998/6/26,"8,071.86"
1998/6/29,"7,982.45"
1998/6/30,"8,034.47"
1998/7/1,"8,218.63"
1998/7/2,"8,329.80"
1998/7/3,"8,327.47"
1998/7/6,"8,317.28"
1998/7/7,"8,408.14"
1998/7/8,"8,355.19"
1998/7/9,"8,457.48"
1998/7/10,"8,485.33"
1998/7/13,"8,188.71"
1998/7/14,"8,329.52"
1998/7/15,"8,497.82"
1998/7/16,"8,557.91"
1998/7/17,"8,655.67"
1998/7/20,"8,774.34"
1998/7/21,"8,792.94"
1998/7/22,"8,833.50"
1998/7/23,"8,838.14"
1998/7/24,"8,836.98"
1998/7/27,"8,908.67"
1998/7/28,"9,057.63"
1998/7/29,"8,985.09"
1998/7/30,"8,923.30"
1998/7/31,"8,988.47"
1998/8/3,"8,991.43"
1998/8/4,"8,866.14"
1998/8/5,"8,730.76"
1998/8/6,"8,760.57"
1998/8/10,"8,781.89"
1998/8/11,"8,815.48"
1998/8/12,"8,808.84"
1998/8/13,"8,985.41"
1998/8/14,"9,030.25"
1998/8/17,"8,858.29"
1998/8/18,"8,687.22"
1998/8/19,"8,686.47"
1998/8/20,"8,616.63"
1998/8/21,"8,517.72"
1998/8/24,"8,756.29"
1998/8/25,"8,722.70"
1998/8/26,"8,612.07"
1998/8/27,"8,576.16"
1998/8/28,"8,728.95"
1998/8/31,"8,749.83"
1998/9/1,"8,998.62"
1998/9/2,"9,024.34"
1998/9/3,"9,108.77"
1998/9/4,"9,171.03"
1998/9/7,"9,262.75"
1998/9/8,"9,377.61"
1998/9/9,"9,297.04"
1998/9/10,"9,401.77"
1998/9/11,"9,408.57"
1998/9/14,"9,306.47"
1998/9/15,"9,421.38"
1998/9/16,"9,542.13"
1998/9/17,"9,589.65"
1998/9/18,"9,652.82"
1998/9/21,"9,622.49"
1998/9/22,"9,580.23"
1998/9/23,"9,461.88"
1998/9/24,"9,394.67"
1998/9/25,"9,421.60"
1998/9/28,"9,343.86"
1998/9/29,"9,530.34"
1998/9/30,"9,631.91"
1998/10/1,"9,678.24"
1998/10/2,"9,507.11"
1998/10/5,"9,540.60"
1998/10/6,"9,666.39"
1998/10/7,"9,759.64"
1998/10/8,"9,624.50"
1998/10/9,"9,712.55"
1998/10/12,"9,748.37"
1998/10/13,"9,744.17"
1998/10/14,"9,871.34"
1998/10/15,"9,890.13"
1998/10/16,"9,896.17"
1998/10/19,"9,942.63"
1998/10/20,"9,945.44"
1998/10/21,"9,878.72"
1998/10/22,"9,758.70"
1998/10/23,"9,811.74"
1998/10/26,"9,836.29"
1998/10/27,"9,822.11"
1998/10/28,"9,663.83"
1998/10/29,"9,435.17"
1998/10/30,"9,415.16"
1998/11/2,"9,408.87"
1998/11/3,"9,393.15"
1998/11/4,"9,578.00"
1998/11/5,"9,514.40"
1998/11/6,"9,572.89"
1998/11/9,"9,667.36"
1998/11/10,"9,740.20"
1998/11/11,"9,835.86"
1998/11/12,"9,839.54"
1998/11/13,"9,832.73"
1998/11/16,"9,995.70"
1998/11/17,"9,919.43"
1998/11/18,"9,962.37"
1998/11/19,"9,953.78"
1998/11/20,"9,854.99"
1998/11/23,"9,860.35"
1998/11/24,"9,895.51"
1998/11/25,"9,949.06"
1998/11/26,"9,927.07"
1998/11/27,"9,608.63"
1998/11/30,"9,725.74"
1998/12/1,"9,811.71"
1998/12/2,"9,848.12"
1998/12/3,"9,857.17"
1998/12/4,"9,813.86"
1998/12/7,"9,973.85"
1998/12/8,"9,964.97"
1998/12/9,"10,001.80"
1998/12/10,"9,848.50"
1998/12/11,"9,998.78"
1998/12/14,"10,029.64"
1998/12/15,"10,014.88"
1998/12/16,"9,943.02"
1998/12/17,"9,930.92"
1998/12/18,"9,945.63"
1998/12/21,"9,988.78"
1998/12/22,"10,076.93"
1998/12/23,"10,135.29"
1998/12/24,"10,214.87"
1998/12/25,"10,226.49"
1998/12/28,"10,335.39"
1998/12/29,"10,330.69"
1998/12/30,"10,405.67"
1998/12/31,"10,502.93"
1999/1/4,"10,528.26"
1999/1/5,"10,532.82"
1999/1/6,"10,681.89"
1999/1/7,"10,566.19"
1999/1/8,"10,621.96"
1999/1/11,"10,677.01"
1999/1/12,"10,658.48"
1999/1/13,"10,513.77"
1999/1/14,"10,633.60"
1999/1/15,"10,719.43"
1999/1/18,"10,694.97"
1999/1/19,"10,581.04"
1999/1/20,"10,545.03"
1999/1/21,"10,425.66"
1999/1/22,"10,168.41"
1999/1/25,"10,098.72"
1999/1/26,"9,747.03"
1999/1/27,"9,697.30"
1999/1/28,"9,869.89"
1999/1/29,"9,800.44"
1999/2/1,"9,651.94"
1999/2/2,"9,530.00"
1999/2/3,"9,681.84"
1999/2/4,"9,674.22"
1999/2/5,"9,258.35"
1999/2/6,"9,251.99"
1999/2/8,"9,255.85"
1999/2/9,"9,442.05"
1999/2/10,"9,545.69"
1999/2/22,"9,697.31"
1999/2/23,"9,745.29"
1999/2/24,"9,658.35"
1999/2/25,"9,526.61"
1999/2/26,"9,538.32"
1999/3/1,"9,720.03"
1999/3/2,"9,745.51"
1999/3/3,"9,786.42"
1999/3/4,"9,709.83"
1999/3/5,"9,833.56"
1999/3/8,"9,956.71"
1999/3/9,"9,967.38"
1999/3/10,"9,978.27"
1999/3/11,"9,940.53"
1999/3/12,"9,938.82"
1999/3/15,"9,793.35"
1999/3/16,"9,871.23"
1999/3/17,"10,066.46"
1999/3/18,"10,115.85"
1999/3/19,"10,130.70"
1999/3/22,"10,051.25"
1999/3/23,"10,020.33"
1999/3/24,"10,034.24"
1999/3/25,"10,053.98"
1999/3/26,"10,103.69"
1999/3/29,"10,194.23"
1999/3/30,"10,213.19"
1999/3/31,"10,159.11"
1999/4/1,"10,278.44"
1999/4/2,"10,294.90"
1999/4/6,"10,376.64"
1999/4/7,"10,417.86"
1999/4/8,"10,335.53"
1999/4/9,"10,379.69"
1999/4/12,"10,412.68"
1999/4/13,"10,299.78"
1999/4/14,"10,386.24"
1999/4/15,"10,482.19"
1999/4/16,"10,404.75"
1999/4/19,"10,074.66"
1999/4/20,"10,133.91"
1999/4/21,"10,249.50"
1999/4/22,"10,234.32"
1999/4/23,"10,267.92"
1999/4/26,"10,464.50"
1999/4/27,"10,449.48"
1999/4/28,"10,366.25"
1999/4/29,"10,330.97"
1999/4/30,"10,267.10"
1999/5/3,"10,200.29"
1999/5/4,"10,173.04"
1999/5/5,"9,873.05"
1999/5/6,"9,722.42"
1999/5/7,"9,706.55"
1999/5/10,"9,831.78"
1999/5/11,"9,759.57"
1999/5/12,"9,752.21"
1999/5/13,"9,967.54"
1999/5/14,"9,969.55"
1999/5/17,"9,747.75"
1999/5/18,"9,730.53"
1999/5/19,"9,697.01"
1999/5/20,"9,524.17"
1999/5/21,"9,284.78"
1999/5/24,"9,393.84"
1999/5/25,"9,090.63"
1999/5/26,"9,194.52"
1999/5/27,"9,291.93"
1999/5/28,"9,358.84"
1999/5/31,"9,459.76"
1999/6/1,"9,351.15"
1999/6/2,"9,231.06"
1999/6/3,"9,442.18"
1999/6/4,"9,422.05"
1999/6/7,"9,183.05"
1999/6/8,"9,175.56"
1999/6/9,"9,072.71"
1999/6/10,"9,214.46"
1999/6/11,"9,365.50"
1999/6/14,"9,478.29"
1999/6/15,"9,563.84"
1999/6/17,"9,643.02"
1999/6/18,"9,614.06"
1999/6/21,"9,797.15"
1999/6/22,"9,767.78"
1999/6/23,"9,728.62"
1999/6/24,"9,739.19"
1999/6/25,"9,592.15"
1999/6/28,"9,625.88"
1999/6/29,"9,528.60"
1999/6/30,"9,407.98"
1999/7/1,"9,312.52"
1999/7/2,"9,412.01"
1999/7/5,"9,562.28"
1999/7/6,"9,745.07"
1999/7/7,"9,746.88"
1999/7/8,"9,867.20"
1999/7/9,"9,918.32"
1999/7/12,"9,914.49"
1999/7/13,"9,872.73"
1999/7/14,"10,040.00"
1999/7/15,"10,044.24"
1999/7/16,"9,994.63"
1999/7/19,"9,985.49"
1999/7/20,"10,068.56"
1999/7/21,"10,056.14"
1999/7/22,"10,022.97"
1999/7/23,"10,149.24"
1999/7/26,"10,194.85"
1999/7/27,"10,145.86"
1999/7/28,"10,225.40"
1999/7/29,"10,253.48"
1999/7/30,"10,204.08"
1999/8/2,"10,403.74"
1999/8/3,"10,466.03"
1999/8/4,"10,491.17"
1999/8/5,"10,447.09"
1999/8/6,"10,484.02"
1999/8/9,"10,579.15"
1999/8/10,"10,511.27"
1999/8/11,"10,425.29"
1999/8/12,"10,371.68"
1999/8/13,"10,459.25"
1999/8/16,"10,525.19"
1999/8/17,"10,512.11"
1999/8/18,"10,503.26"
1999/8/19,"10,512.38"
1999/8/20,"10,511.27"
1999/8/23,"10,576.78"
1999/8/24,"10,534.41"
1999/8/25,"10,276.99"
1999/8/26,"10,215.22"
1999/8/27,"10,259.49"
1999/8/30,"10,283.78"
1999/8/31,"10,117.87"
1999/9/1,"10,186.90"
1999/9/2,"10,257.18"
1999/9/3,"10,402.70"
1999/9/6,"10,483.58"
1999/9/7,"10,474.89"
1999/9/8,"10,432.23"
1999/9/9,"10,411.70"
1999/9/10,"10,484.47"
1999/9/13,"10,752.83"
1999/9/14,"10,808.45"
1999/9/15,"10,851.23"
1999/9/16,"10,766.63"
1999/9/17,"10,844.54"
1999/9/20,"10,882.68"
1999/9/21,"10,895.23"
1999/9/23,"10,903.94"
1999/9/24,"10,856.19"
1999/9/27,"10,889.46"
1999/9/28,"10,886.89"
1999/9/29,"10,955.28"
1999/9/30,"10,951.40"
1999/10/1,"10,959.91"
1999/10/4,"10,962.45"
1999/10/5,"10,901.75"
1999/10/6,"11,012.88"
1999/10/7,"11,012.76"
1999/10/8,"10,959.95"
1999/10/11,"10,870.30"
1999/10/12,"10,755.26"
1999/10/13,"10,777.12"
1999/10/14,"10,921.74"
1999/10/15,"10,908.25"
1999/10/18,"10,715.90"
1999/10/19,"10,696.89"
1999/10/20,"10,801.10"
1999/10/21,"10,809.89"
1999/10/22,"10,858.85"
1999/10/25,"11,043.53"
1999/10/26,"11,091.72"
1999/10/27,"11,022.34"
1999/10/28,"11,106.11"
1999/10/29,"11,017.16"
1999/11/1,"11,140.36"
1999/11/2,"11,093.83"
1999/11/3,"11,026.22"
1999/11/4,"11,111.24"
1999/11/5,"11,232.86"
1999/11/8,"11,207.93"
1999/11/9,"11,227.94"
1999/11/10,"11,234.58"
1999/11/11,"11,216.40"
1999/11/12,"11,055.66"
1999/11/15,"10,955.42"
1999/11/16,"11,050.56"
1999/11/17,"10,975.22"
1999/11/18,"11,012.32"
1999/11/19,"11,042.47"
1999/11/22,"11,133.92"
1999/11/23,"11,072.40"
1999/11/24,"11,030.41"
1999/11/25,"11,100.80"
1999/11/26,"11,050.50"
1999/11/29,"11,123.65"
1999/11/30,"11,130.71"
1999/12/1,"11,326.96"
1999/12/2,"11,414.25"
1999/12/3,"11,465.10"
1999/12/6,"11,569.08"
1999/12/7,"11,572.12"
1999/12/8,"11,571.33"
1999/12/9,"11,637.87"
1999/12/10,"11,591.33"
1999/12/13,"11,614.93"
1999/12/14,"11,620.04"
1999/12/15,"11,641.68"
1999/12/16,"11,675.57"
1999/12/17,"11,723.03"
1999/12/20,"11,657.65"
1999/12/21,"11,736.18"
1999/12/22,"11,779.65"
1999/12/23,"11,830.68"
1999/12/24,"11,780.46"
1999/12/27,"11,821.96"
1999/12/28,"11,793.31"
1999/12/29,"11,787.44"
1999/12/30,"11,842.70"
1999/12/31,"11,928.56"
100/01/03,"11,998.76"
100/01/04,"11,961.39"
100/01/05,"11,760.80"
100/01/06,"11,809.86"
100/01/07,"11,676.27"
100/01/10,"11,723.00"
100/01/11,"11,873.88"
100/01/12,"11,918.59"
100/01/13,"11,932.66"
100/01/14,"11,928.57"
100/01/17,"11,865.54"
100/01/18,"11,949.17"
100/01/19,"12,079.49"
100/01/20,"11,994.60"
100/01/21,"11,904.48"
100/01/24,"11,895.72"
100/01/25,"11,953.67"
100/01/26,"12,039.03"
100/01/27,"12,101.17"
100/01/28,"12,158.36"
100/02/08,"12,113.31"
100/02/09,"11,974.19"
100/02/10,"11,747.84"
100/02/11,"11,446.44"
100/02/14,"11,546.97"
100/02/15,"11,595.44"
100/02/16,"11,583.51"
100/02/17,"11,544.86"
100/02/18,"11,757.51"
100/02/21,"11,751.37"
100/02/22,"11,531.28"
100/02/23,"11,338.87"
100/02/24,"11,355.76"
100/02/25,"11,432.87"
100/03/01,"11,602.92"
100/03/02,"11,459.79"
100/03/03,"11,617.29"
100/03/04,"11,678.49"
100/03/07,"11,584.61"
100/03/08,"11,629.77"
100/03/09,"11,632.78"
100/03/10,"11,490.37"
100/03/11,"11,390.55"
100/03/14,"11,327.01"
100/03/15,"10,947.79"
100/03/16,"11,067.18"
100/03/17,"11,011.49"
100/03/18,"11,160.47"
100/03/21,"11,257.46"
100/03/22,"11,311.09"
100/03/23,"11,360.33"
100/03/24,"11,401.96"
100/03/25,"11,447.16"
100/03/28,"11,370.94"
100/03/29,"11,428.78"
100/03/30,"11,494.91"
100/03/31,"11,544.08"
100/04/01,"11,573.11"
100/04/06,"11,768.34"
100/04/07,"11,834.47"
100/04/08,"11,824.92"
100/04/11,"11,805.94"
100/04/12,"11,609.61"
100/04/13,"11,672.90"
100/04/14,"11,702.86"
100/04/15,"11,590.38"
100/04/18,"11,585.53"
100/04/19,"11,484.59"
100/04/20,"11,716.88"
100/04/21,"11,908.82"
100/04/22,"11,924.48"
100/04/25,"11,899.65"
100/04/26,"11,896.18"
100/04/27,"12,030.60"
100/04/28,"12,019.33"
100/04/29,"11,975.59"
100/05/03,"11,893.73"
100/05/04,"11,895.41"
100/05/05,"11,990.15"
100/05/06,"11,935.14"
100/05/09,"12,012.59"
100/05/10,"11,996.87"
100/05/11,"11,993.05"
100/05/12,"12,010.70"
100/05/13,"11,974.71"
100/05/16,"11,848.53"
100/05/17,"11,811.82"
100/05/18,"11,892.58"
100/05/19,"11,824.22"
100/05/20,"11,749.96"
100/05/23,"11,630.94"
100/05/24,"11,643.03"
100/05/25,"11,603.89"
100/05/26,"11,685.40"
100/05/27,"11,714.12"
100/05/30,"11,732.31"
100/05/31,"11,951.92"
100/06/01,"12,049.66"
100/06/02,"11,955.27"
100/06/03,"12,028.58"
100/06/07,"12,043.09"
100/06/08,"11,977.18"
100/06/09,"11,968.42"
100/06/10,"11,751.72"
100/06/13,"11,585.68"
100/06/14,"11,740.34"
100/06/15,"11,743.52"
100/06/16,"11,508.13"
100/06/17,"11,483.76"
100/06/20,"11,343.58"
100/06/21,"11,433.40"
100/06/22,"11,464.55"
100/06/23,"11,393.46"
100/06/24,"11,347.93"
100/06/27,"11,305.47"
100/06/28,"11,283.35"
100/06/29,"11,450.46"
100/06/30,"11,564.95"
100/07/01,"11,683.47"
100/07/04,"11,731.97"
100/07/05,"11,747.71"
100/07/06,"11,826.05"
100/07/07,"11,783.98"
100/07/08,"11,766.38"
100/07/11,"11,679.79"
100/07/12,"11,448.79"
100/07/13,"11,471.46"
100/07/14,"11,474.61"
100/07/15,"11,605.92"
100/07/18,"11,577.77"
100/07/19,"11,572.02"
100/07/20,"11,834.74"
100/07/21,"11,879.28"
100/07/22,"11,953.92"
100/07/25,"11,844.59"
100/07/26,"12,013.23"
100/07/27,"12,047.51"
100/07/28,"11,988.72"
100/07/29,"11,834.17"
100/08/01,"11,921.36"
100/08/02,"11,767.72"
100/08/03,"11,593.85"
100/08/04,"11,417.88"
100/08/05,"10,782.61"
100/08/08,"10,375.53"
100/08/09,"10,301.62"
100/08/10,"10,642.85"
100/08/11,"10,624.11"
100/08/12,"10,514.95"
100/08/15,"10,767.10"
100/08/16,"10,740.17"
100/08/17,"10,668.37"
100/08/18,"10,495.74"
100/08/19,"10,121.42"
100/08/22,"10,080.22"
100/08/23,"10,415.20"
100/08/24,"10,357.02"
100/08/25,"10,236.98"
100/08/26,"10,284.41"
100/08/29,"10,468.10"
100/08/30,"10,562.33"
100/08/31,"10,694.67"
100/09/01,"10,719.39"
100/09/02,"10,718.52"
100/09/05,"10,434.69"
100/09/06,"10,180.16"
100/09/07,"10,404.13"
100/09/08,"10,431.00"
100/09/09,"10,518.89"
100/09/13,"10,216.62"
100/09/14,"9,991.89"
100/09/15,"10,210.99"
100/09/16,"10,476.29"
100/09/19,"10,343.44"
100/09/20,"10,360.48"
100/09/21,"10,420.43"
100/09/22,"10,103.80"
100/09/23,"9,745.20"
100/09/26,"9,511.64"
100/09/27,"9,806.29"
100/09/28,"9,885.40"
100/09/29,"9,934.74"
100/09/30,"9,993.91"
100/10/03,"9,701.96"
100/10/04,"9,748.86"
100/10/05,"9,667.69"
100/10/06,"9,865.28"
100/10/07,"9,975.99"
100/10/11,"10,234.32"
100/10/12,"10,211.71"
100/10/13,"10,275.31"
100/10/14,"10,178.14"
100/10/17,"10,320.69"
100/10/18,"10,180.09"
100/10/19,"10,172.13"
100/10/20,"10,021.28"
100/10/21,"10,035.38"
100/10/24,"10,333.88"
100/10/25,"10,363.31"
100/10/26,"10,425.01"
100/10/27,"10,465.68"
100/10/28,"10,536.03"
100/10/31,"10,497.17"
100/11/01,"10,544.64"
100/11/02,"10,512.05"
100/11/03,"10,320.95"
100/11/04,"10,518.66"
100/11/07,"10,544.25"
100/11/08,"10,515.29"
100/11/09,"10,461.44"
100/11/10,"10,111.17"
100/11/11,"10,192.26"
100/11/14,"10,411.44"
100/11/15,"10,363.60"
100/11/16,"10,220.35"
100/11/17,"10,220.75"
100/11/18,"10,007.66"
100/11/21,"9,743.22"
100/11/22,"9,684.27"
100/11/23,"9,416.44"
100/11/24,"9,496.62"
100/11/25,"9,386.12"
100/11/28,"9,544.20"
100/11/29,"9,668.53"
100/11/30,"9,551.58"
100/12/01,"9,931.44"
100/12/02,"9,878.85"
100/12/05,"9,819.92"
100/12/06,"9,623.74"
100/12/07,"9,729.89"
100/12/08,"9,660.57"
100/12/09,"9,536.62"
100/12/12,"9,613.73"
100/12/13,"9,540.78"
100/12/14,"9,577.10"
100/12/15,"9,358.55"
100/12/16,"9,386.90"
100/12/19,"9,176.95"
100/12/20,"9,217.51"
100/12/21,"9,637.85"
100/12/22,"9,637.67"
100/12/23,"9,837.42"
100/12/26,"9,812.31"
100/12/27,"9,801.87"
100/12/28,"9,762.63"
100/12/29,"9,787.73"
100/12/30,"9,783.94"
101/01/02,"9,618.11"
101/01/03,"9,758.08"
101/01/04,"9,799.01"
101/01/05,"9,865.26"
101/01/06,"9,850.95"
101/01/09,"9,812.95"
101/01/10,"9,931.69"
101/01/11,"9,944.61"
101/01/12,"9,942.35"
101/01/13,"9,935.38"
101/01/16,"9,827.58"
101/01/17,"9,990.08"
101/01/18,"10,007.53"
101/01/30,"10,247.87"
101/01/31,"10,399.58"
101/02/01,"10,444.04"
101/02/02,"10,586.89"
101/02/03,"10,618.05"
101/02/04,"10,709.71"
101/02/06,"10,636.02"
101/02/07,"10,662.94"
101/02/08,"10,887.72"
101/02/09,"10,944.26"
101/02/10,"10,877.14"
101/02/13,"10,947.20"
101/02/14,"10,907.32"
101/02/15,"11,074.94"
101/02/16,"10,887.42"
101/02/17,"10,921.54"
101/02/20,"11,005.19"
101/02/21,"10,959.09"
101/02/22,"11,070.02"
101/02/23,"10,980.94"
101/02/24,"11,011.44"
101/02/29,"11,235.69"
101/03/01,"11,231.40"
101/03/02,"11,266.96"
101/03/03,"11,226.02"
101/03/05,"11,074.25"
101/03/06,"10,981.87"
101/03/07,"10,933.60"
101/03/08,"11,046.33"
101/03/09,"11,089.84"
101/03/12,"10,967.46"
101/03/13,"11,111.29"
101/03/14,"11,240.98"
101/03/15,"11,235.94"
101/03/16,"11,143.70"
101/03/19,"11,128.45"
101/03/20,"11,029.93"
101/03/21,"11,042.70"
101/03/22,"11,150.61"
101/03/23,"11,173.68"
101/03/26,"11,022.89"
101/03/27,"11,108.44"
101/03/28,"11,120.36"
101/03/29,"10,891.53"
101/03/30,"10,975.00"
101/04/02,"10,878.02"
101/04/03,"10,736.83"
101/04/05,"10,569.40"
101/04/06,"10,661.32"
101/04/09,"10,515.51"
101/04/10,"10,570.58"
101/04/11,"10,592.70"
101/04/12,"10,601.36"
101/04/13,"10,774.78"
101/04/16,"10,693.96"
101/04/17,"10,494.76"
101/04/18,"10,521.22"
101/04/19,"10,545.70"
101/04/20,"10,385.85"
101/04/23,"10,349.80"
101/04/24,"10,374.36"
101/04/25,"10,463.36"
101/04/26,"10,405.50"
101/04/27,"10,348.98"
101/04/30,"10,378.34"
101/05/02,"10,620.57"
101/05/03,"10,596.66"
101/05/04,"10,653.97"
101/05/07,"10,429.23"
101/05/08,"10,439.79"
101/05/09,"10,342.94"
101/05/10,"10,354.81"
101/05/11,"10,240.47"
101/05/14,"10,206.99"
101/05/15,"10,232.54"
101/05/16,"10,009.69"
101/05/17,"10,178.84"
101/05/18,"9,894.40"
101/05/21,"9,951.18"
101/05/22,"10,065.55"
101/05/23,"9,889.64"
101/05/24,"9,858.26"
101/05/25,"9,784.57"
101/05/28,"9,873.63"
101/05/29,"10,160.00"
101/05/30,"10,048.63"
101/05/31,"10,103.56"
101/06/01,"9,833.16"
101/06/04,"9,541.15"
101/06/05,"9,687.62"
101/06/06,"9,764.71"
101/06/07,"9,798.14"
101/06/08,"9,686.52"
101/06/11,"9,853.39"
101/06/12,"9,786.85"
101/06/13,"9,810.23"
101/06/14,"9,791.23"
101/06/15,"9,902.95"
101/06/18,"10,076.87"
101/06/19,"10,065.31"
101/06/20,"10,150.52"
101/06/21,"10,074.23"
101/06/22,"9,995.55"
101/06/25,"9,918.82"
101/06/26,"9,879.48"
101/06/27,"9,942.81"
101/06/28,"9,930.23"
101/06/29,"10,106.39"
101/07/02,"10,175.26"
101/07/03,"10,281.59"
101/07/04,"10,351.39"
101/07/05,"10,325.78"
101/07/06,"10,300.17"
101/07/09,"10,247.64"
101/07/10,"10,167.78"
101/07/11,"10,190.23"
101/07/12,"10,021.66"
101/07/13,"9,987.44"
101/07/16,"9,979.59"
101/07/17,"10,063.85"
101/07/18,"9,957.71"
101/07/19,"10,107.93"
101/07/20,"10,134.82"
101/07/23,"9,943.69"
101/07/24,"9,920.62"
101/07/25,"9,889.50"
101/07/26,"9,891.39"
101/07/27,"10,113.39"
101/07/30,"10,163.39"
101/07/31,"10,325.98"
101/08/01,"10,334.54"
101/08/03,"10,269.69"
101/08/06,"10,371.21"
101/08/07,"10,391.98"
101/08/08,"10,440.47"
101/08/09,"10,621.32"
101/08/10,"10,642.70"
101/08/13,"10,636.28"
101/08/14,"10,699.41"
101/08/15,"10,688.72"
101/08/16,"10,726.08"
101/08/17,"10,694.42"
101/08/20,"10,645.59"
101/08/21,"10,757.33"
101/08/22,"10,748.86"
101/08/23,"10,762.54"
101/08/24,"10,723.04"
101/08/27,"10,709.69"
101/08/28,"10,557.40"
101/08/29,"10,599.82"
101/08/30,"10,573.97"
101/08/31,"10,610.76"
101/09/03,"10,687.97"
101/09/04,"10,689.18"
101/09/05,"10,569.05"
101/09/06,"10,511.03"
101/09/07,"10,651.93"
101/09/10,"10,735.56"
101/09/11,"10,739.09"
101/09/12,"10,862.38"
101/09/13,"10,875.06"
101/09/14,"11,103.70"
101/09/17,"11,138.60"
101/09/18,"11,098.77"
101/09/19,"11,167.47"
101/09/20,"11,089.47"
101/09/21,"11,128.32"
101/09/24,"11,148.02"
101/09/25,"11,099.07"
101/09/26,"11,006.52"
101/09/27,"11,026.90"
101/09/28,"11,072.13"
101/10/01,"11,015.53"
101/10/02,"11,077.18"
101/10/03,"11,028.31"
101/10/04,"11,025.05"
101/10/05,"11,036.98"
101/10/08,"10,929.68"
101/10/09,"10,895.41"
101/10/11,"10,694.08"
101/10/12,"10,673.01"
101/10/15,"10,646.98"
101/10/16,"10,721.77"
101/10/17,"10,712.28"
101/10/18,"10,713.72"
101/10/19,"10,632.42"
101/10/22,"10,581.16"
101/10/23,"10,530.14"
101/10/24,"10,497.71"
101/10/25,"10,422.29"
101/10/26,"10,238.55"
101/10/29,"10,177.72"
101/10/30,"10,308.28"
101/10/31,"10,284.53"
101/11/01,"10,304.03"
101/11/02,"10,348.28"
101/11/05,"10,312.24"
101/11/06,"10,385.89"
101/11/07,"10,458.37"
101/11/08,"10,394.44"
101/11/09,"10,467.05"
101/11/12,"10,430.49"
101/11/13,"10,241.47"
101/11/14,"10,275.50"
101/11/15,"10,252.65"
101/11/16,"10,232.89"
101/11/19,"10,231.42"
101/11/20,"10,255.43"
101/11/21,"10,173.22"
101/11/22,"10,198.00"
101/11/23,"10,514.10"
101/11/26,"10,630.87"
101/11/27,"10,663.63"
101/11/28,"10,670.42"
101/11/29,"10,768.91"
101/11/30,"10,878.87"
101/12/03,"10,907.20"
101/12/04,"10,908.74"
101/12/05,"10,977.72"
101/12/06,"10,940.71"
101/12/07,"10,967.98"
101/12/10,"10,920.95"
101/12/11,"10,926.97"
101/12/12,"11,036.76"
101/12/13,"11,132.77"
101/12/14,"11,049.08"
101/12/17,"10,952.21"
101/12/18,"10,970.09"
101/12/19,"11,018.51"
101/12/20,"10,900.81"
101/12/21,"10,792.40"
101/12/22,"10,821.42"
101/12/24,"10,814.78"
101/12/25,"10,959.81"
101/12/26,"10,956.40"
101/12/27,"10,976.81"
101/12/28,"11,050.13"
102/01/02,"11,164.55"
102/01/03,"11,247.23"
102/01/04,"11,202.96"
102/01/07,"11,129.91"
102/01/08,"11,081.93"
102/01/09,"11,106.29"
102/01/10,"11,211.06"
102/01/11,"11,221.85"
102/01/14,"11,228.76"
102/01/15,"11,144.16"
102/01/16,"11,051.45"
102/01/17,"10,931.21"
102/01/18,"11,098.01"
102/01/21,"11,086.61"
102/01/22,"11,135.66"
102/01/23,"11,114.25"
102/01/24,"11,045.09"
102/01/25,"11,011.49"
102/01/28,"11,071.89"
102/01/29,"11,197.23"
102/01/30,"11,241.70"
102/01/31,"11,266.15"
102/02/01,"11,274.68"
102/02/04,"11,371.12"
102/02/05,"11,319.14"
102/02/06,"11,347.42"
102/02/18,"11,400.36"
102/02/19,"11,425.25"
102/02/20,"11,523.15"
102/02/21,"11,420.34"
102/02/22,"11,406.37"
102/02/23,"11,462.59"
102/02/25,"11,406.31"
102/02/26,"11,310.47"
102/02/27,"11,334.98"
102/03/01,"11,430.63"
102/03/04,"11,291.00"
102/03/05,"11,384.83"
102/03/06,"11,410.07"
102/03/07,"11,424.72"
102/03/08,"11,503.12"
102/03/11,"11,536.97"
102/03/12,"11,473.80"
102/03/13,"11,474.95"
102/03/14,"11,412.16"
102/03/15,"11,377.33"
102/03/18,"11,210.64"
102/03/19,"11,249.58"
102/03/20,"11,191.54"
102/03/21,"11,211.36"
102/03/22,"11,188.93"
102/03/25,"11,274.91"
102/03/26,"11,275.25"
102/03/27,"11,329.44"
102/03/28,"11,290.34"
102/03/29,"11,364.58"
102/04/01,"11,336.79"
102/04/02,"11,356.80"
102/04/03,"11,398.66"
102/04/08,"11,126.60"
102/04/09,"11,091.81"
102/04/10,"11,126.62"
102/04/11,"11,277.58"
102/04/12,"11,225.41"
102/04/15,"11,142.03"
102/04/16,"11,195.86"
102/04/17,"11,207.38"
102/04/18,"11,181.95"
102/04/19,"11,382.08"
102/04/22,"11,438.89"
102/04/23,"11,399.27"
102/04/24,"11,515.90"
102/04/25,"11,513.10"
102/04/26,"11,513.53"
102/04/29,"11,524.56"
102/04/30,"11,616.30"
102/05/02,"11,666.32"
102/05/03,"11,675.68"
102/05/06,"11,724.50"
102/05/07,"11,715.91"
102/05/08,"11,865.22"
102/05/09,"11,892.37"
102/05/10,"11,884.30"
102/05/13,"11,838.45"
102/05/14,"11,843.48"
102/05/15,"11,939.31"
102/05/16,"12,041.87"
102/05/17,"12,010.50"
102/05/20,"12,023.21"
102/05/21,"12,032.34"
102/05/22,"12,055.18"
102/05/23,"11,824.07"
102/05/24,"11,783.80"
102/05/27,"11,884.74"
102/05/28,"11,860.28"
102/05/29,"11,967.71"
102/05/30,"11,831.90"
102/05/31,"11,848.42"
102/06/03,"11,771.23"
102/06/04,"11,757.16"
102/06/05,"11,743.81"
102/06/06,"11,621.10"
102/06/07,"11,620.04"
102/06/10,"11,714.40"
102/06/11,"11,650.66"
102/06/13,"11,414.80"
102/06/14,"11,394.82"
102/06/17,"11,473.99"
102/06/18,"11,500.01"
102/06/19,"11,495.91"
102/06/20,"11,340.17"
102/06/21,"11,188.72"
102/06/24,"11,138.18"
102/06/25,"11,002.22"
102/06/26,"11,178.22"
102/06/27,"11,324.96"
102/06/28,"11,584.02"
102/07/01,"11,553.25"
102/07/02,"11,528.11"
102/07/03,"11,420.25"
102/07/04,"11,403.28"
102/07/05,"11,560.42"
102/07/08,"11,412.61"
102/07/09,"11,537.69"
102/07/10,"11,600.46"
102/07/11,"11,847.44"
102/07/12,"11,910.74"
102/07/15,"11,969.03"
102/07/16,"11,989.52"
102/07/17,"12,024.74"
102/07/18,"11,938.79"
102/07/19,"11,749.86"
102/07/22,"11,819.23"
102/07/23,"11,985.11"
102/07/24,"11,967.14"
102/07/25,"11,933.73"
102/07/26,"11,918.21"
102/07/29,"11,825.66"
102/07/30,"11,947.97"
102/07/31,"11,870.23"
102/08/01,"11,808.60"
102/08/02,"11,878.07"
102/08/05,"11,935.81"
102/08/06,"11,790.87"
102/08/07,"11,626.71"
102/08/08,"11,623.86"
102/08/09,"11,549.23"
102/08/12,"11,619.71"
102/08/13,"11,749.10"
102/08/14,"11,702.13"
102/08/15,"11,616.32"
102/08/16,"11,671.98"
102/08/19,"11,637.31"
102/08/20,"11,538.15"
102/08/22,"11,512.56"
102/08/23,"11,601.81"
102/08/26,"11,635.47"
102/08/27,"11,530.40"
102/08/28,"11,537.06"
102/08/29,"11,681.90"
102/08/30,"11,837.00"
102/09/02,"11,862.52"
102/09/03,"11,935.94"
102/09/04,"11,928.92"
102/09/05,"12,055.65"
102/09/06,"12,048.46"
102/09/09,"12,099.26"
102/09/10,"12,124.71"
102/09/11,"12,125.37"
102/09/12,"12,149.63"
102/09/13,"12,065.20"
102/09/14,"12,027.21"
102/09/16,"12,193.91"
102/09/17,"12,185.78"
102/09/18,"12,125.82"
102/09/23,"12,249.38"
102/09/24,"12,258.87"
102/09/25,"12,236.39"
102/09/26,"12,089.83"
102/09/27,"12,157.78"
102/09/30,"12,073.87"
102/10/01,"12,095.10"
102/10/02,"12,138.69"
102/10/03,"12,349.21"
102/10/04,"12,357.38"
102/10/07,"12,312.05"
102/10/08,"12,374.08"
102/10/09,"12,328.39"
102/10/11,"12,335.25"
102/10/14,"12,223.85"
102/10/15,"12,362.60"
102/10/16,"12,309.87"
102/10/17,"12,372.67"
102/10/18,"12,470.93"
102/10/21,"12,438.61"
102/10/22,"12,437.07"
102/10/23,"12,400.72"
102/10/24,"12,430.41"
102/10/25,"12,331.28"
102/10/28,"12,421.72"
102/10/29,"12,441.14"
102/10/30,"12,506.29"
102/10/31,"12,484.12"
102/11/01,"12,392.72"
102/11/04,"12,342.42"
102/11/05,"12,206.60"
102/11/06,"12,236.03"
102/11/07,"12,238.63"
102/11/08,"12,158.67"
102/11/11,"12,089.19"
102/11/12,"12,108.03"
102/11/13,"11,973.58"
102/11/14,"12,018.87"
102/11/15,"12,081.23"
102/11/18,"12,102.42"
102/11/19,"12,204.00"
102/11/20,"12,121.64"
102/11/21,"11,966.49"
102/11/22,"11,992.09"
102/11/25,"12,096.60"
102/11/26,"12,185.99"
102/11/27,"12,256.71"
102/11/28,"12,355.03"
102/11/29,"12,420.62"
102/12/02,"12,432.12"
102/12/03,"12,399.53"
102/12/04,"12,437.12"
102/12/05,"12,374.39"
102/12/06,"12,362.84"
102/12/09,"12,476.46"
102/12/10,"12,474.64"
102/12/11,"12,460.42"
102/12/12,"12,353.41"
102/12/13,"12,376.47"
102/12/16,"12,283.49"
102/12/17,"12,341.20"
102/12/18,"12,335.45"
102/12/19,"12,421.68"
102/12/20,"12,423.35"
102/12/23,"12,494.16"
102/12/24,"12,485.35"
102/12/25,"12,510.85"
102/12/26,"12,537.65"
102/12/27,"12,610.27"
102/12/30,"12,740.86"
102/12/31,"12,723.25"
103/01/02,"12,724.76"
103/01/03,"12,627.25"
103/01/06,"12,558.51"
103/01/07,"12,576.67"
103/01/08,"12,641.24"
103/01/09,"12,580.19"
103/01/10,"12,601.86"
103/01/13,"12,656.30"
103/01/14,"12,629.61"
103/01/15,"12,710.01"
103/01/16,"12,724.13"
103/01/17,"12,700.33"
103/01/20,"12,738.09"
103/01/21,"12,706.10"
103/01/22,"12,743.62"
103/01/23,"12,698.99"
103/01/24,"12,703.74"
103/01/27,"12,503.19"
103/02/05,"12,210.52"
103/02/06,"12,279.27"
103/02/07,"12,392.05"
103/02/10,"12,398.85"
103/02/11,"12,455.90"
103/02/12,"12,574.55"
103/02/13,"12,510.77"
103/02/14,"12,578.70"
103/02/17,"12,587.38"
103/02/18,"12,641.57"
103/02/19,"12,672.27"
103/02/20,"12,594.87"
103/02/21,"12,708.98"
103/02/24,"12,648.05"
103/02/25,"12,670.22"
103/02/26,"12,707.52"
103/02/27,"12,764.71"
103/03/03,"12,709.17"
103/03/04,"12,639.07"
103/03/05,"12,754.90"
103/03/06,"12,874.36"
103/03/07,"12,874.61"
103/03/10,"12,802.63"
103/03/11,"12,857.42"
103/03/12,"12,831.42"
103/03/13,"12,924.60"
103/03/14,"12,835.70"
103/03/17,"12,854.13"
103/03/18,"12,901.18"
103/03/19,"12,838.42"
103/03/20,"12,702.29"
103/03/21,"12,672.52"
103/03/24,"12,714.19"
103/03/25,"12,838.18"
103/03/26,"12,909.05"
103/03/27,"12,971.54"
103/03/28,"12,964.26"
103/03/31,"13,074.55"
103/04/01,"13,109.80"
103/04/02,"13,157.54"
103/04/03,"13,132.55"
103/04/07,"13,114.68"
103/04/08,"13,132.12"
103/04/09,"13,194.65"
103/04/10,"13,220.54"
103/04/11,"13,161.37"
103/04/14,"13,086.56"
103/04/15,"13,174.17"
103/04/16,"13,184.68"
103/04/17,"13,214.73"
103/04/18,"13,247.97"
103/04/21,"13,225.12"
103/04/22,"13,259.86"
103/04/23,"13,233.58"
103/04/24,"13,216.64"
103/04/25,"12,963.49"
103/04/28,"13,016.08"
103/04/29,"13,108.27"
103/04/30,"12,989.08"
103/05/02,"13,101.20"
103/05/05,"13,105.79"
103/05/06,"13,168.26"
103/05/07,"13,139.93"
103/05/08,"13,195.79"
103/05/09,"13,134.90"
103/05/12,"13,015.09"
103/05/13,"13,028.88"
103/05/14,"13,113.43"
103/05/15,"13,121.71"
103/05/16,"13,133.24"
103/05/19,"13,150.15"
103/05/20,"13,132.26"
103/05/21,"13,095.15"
103/05/22,"13,253.58"
103/05/23,"13,310.60"
103/05/26,"13,351.82"
103/05/27,"13,380.30"
103/05/28,"13,478.45"
103/05/29,"13,459.67"
103/05/30,"13,410.77"
103/06/03,"13,481.03"
103/06/04,"13,475.99"
103/06/05,"13,506.67"
103/06/06,"13,497.41"
103/06/09,"13,539.20"
103/06/10,"13,627.81"
103/06/11,"13,638.78"
103/06/12,"13,601.71"
103/06/13,"13,589.51"
103/06/16,"13,599.18"
103/06/17,"13,655.75"
103/06/18,"13,715.55"
103/06/19,"13,770.13"
103/06/20,"13,706.67"
103/06/23,"13,647.54"
103/06/24,"13,683.80"
103/06/25,"13,677.97"
103/06/26,"13,799.93"
103/06/27,"13,789.21"
103/06/30,"13,919.39"
103/07/01,"14,008.09"
103/07/02,"14,073.18"
103/07/03,"14,150.71"
103/07/04,"14,147.69"
103/07/07,"14,167.45"
103/07/08,"14,187.05"
103/07/09,"14,143.48"
103/07/10,"14,265.25"
103/07/11,"14,164.84"
103/07/14,"14,248.39"
103/07/15,"14,324.83"
103/07/16,"14,217.50"
103/07/17,"14,131.31"
103/07/18,"14,123.25"
103/07/21,"14,185.04"
103/07/22,"14,275.64"
103/07/24,"14,332.24"
103/07/25,"14,205.41"
103/07/28,"14,179.32"
103/07/29,"14,143.74"
103/07/30,"14,233.38"
103/07/31,"14,045.85"
103/08/01,"13,981.90"
103/08/04,"14,080.22"
103/08/05,"13,799.12"
103/08/06,"13,810.94"
103/08/07,"13,802.59"
103/08/08,"13,734.72"
103/08/11,"13,877.16"
103/08/12,"13,863.92"
103/08/13,"13,981.02"
103/08/14,"13,994.50"
103/08/15,"13,958.89"
103/08/18,"13,860.15"
103/08/19,"14,021.51"
103/08/20,"14,089.90"
103/08/21,"14,042.36"
103/08/22,"14,235.45"
103/08/25,"14,255.34"
103/08/26,"14,263.04"
103/08/27,"14,404.30"
103/08/28,"14,417.62"
103/08/29,"14,355.86"
103/09/01,"14,473.43"
103/09/02,"14,303.09"
103/09/03,"14,380.67"
103/09/04,"14,348.55"
103/09/05,"14,320.25"
103/09/09,"14,361.10"
103/09/10,"14,243.68"
103/09/11,"14,190.93"
103/09/12,"14,040.06"
103/09/15,"14,031.35"
103/09/16,"13,903.39"
103/09/17,"13,999.46"
103/09/18,"14,063.20"
103/09/19,"14,068.41"
103/09/22,"13,907.34"
103/09/23,"13,831.59"
103/09/24,"13,852.97"
103/09/25,"13,720.67"
103/09/26,"13,687.59"
103/09/29,"13,643.44"
103/09/30,"13,652.82"
103/10/01,"13,688.43"
103/10/02,"13,665.49"
103/10/03,"13,865.10"
103/10/06,"13,848.15"
103/10/07,"13,765.43"
103/10/08,"13,635.06"
103/10/09,"13,652.20"
103/10/13,"13,263.86"
103/10/14,"13,351.45"
103/10/15,"13,179.56"
103/10/16,"13,146.35"
103/10/17,"12,962.43"
103/10/20,"13,191.22"
103/10/21,"13,178.29"
103/10/22,"13,321.71"
103/10/23,"13,294.67"
103/10/24,"13,165.15"
103/10/27,"13,137.39"
103/10/28,"13,359.35"
103/10/29,"13,557.61"
103/10/30,"13,533.83"
103/10/31,"13,666.06"
103/11/03,"13,711.89"
103/11/04,"13,688.01"
103/11/05,"13,647.54"
103/11/06,"13,538.54"
103/11/07,"13,571.43"
103/11/10,"13,780.59"
103/11/11,"13,756.52"
103/11/12,"13,581.11"
103/11/13,"13,675.10"
103/11/14,"13,678.46"
103/11/17,"13,528.49"
103/11/18,"13,489.93"
103/11/19,"13,648.55"
103/11/20,"13,824.62"
103/11/21,"13,843.91"
103/11/24,"13,890.80"
103/11/25,"13,881.53"
103/11/26,"13,890.90"
103/11/27,"13,956.24"
103/11/28,"13,989.51"
103/12/01,"13,883.77"
103/12/02,"13,757.50"
103/12/03,"13,971.40"
103/12/04,"14,047.32"
103/12/05,"14,019.08"
103/12/08,"13,989.72"
103/12/09,"13,900.81"
103/12/10,"13,753.49"
103/12/11,"13,724.43"
103/12/12,"13,746.14"
103/12/15,"13,682.65"
103/12/16,"13,629.79"
103/12/17,"13,443.16"
103/12/18,"13,519.71"
103/12/19,"13,703.79"
103/12/22,"13,849.19"
103/12/23,"13,853.31"
103/12/24,"13,988.02"
103/12/25,"13,946.19"
103/12/26,"14,030.50"
103/12/27,"14,037.24"
103/12/29,"14,140.45"
103/12/30,"14,113.28"
103/12/31,"14,172.40"
104/01/05,"14,121.92"
104/01/06,"13,778.14"
104/01/07,"13,826.48"
104/01/08,"14,066.99"
104/01/09,"14,032.80"
104/01/12,"13,976.03"
104/01/13,"14,057.49"
104/01/14,"13,978.97"
104/01/15,"13,955.91"
104/01/16,"13,915.11"
104/01/19,"13,969.58"
104/01/20,"14,087.79"
104/01/21,"14,191.36"
104/01/22,"14,267.19"
104/01/23,"14,421.64"
104/01/26,"14,431.89"
104/01/27,"14,498.77"
104/01/28,"14,482.51"
104/01/29,"14,354.58"
104/01/30,"14,255.62"
104/02/02,"14,293.82"
104/02/03,"14,387.81"
104/02/04,"14,487.09"
104/02/05,"14,484.24"
104/02/06,"14,399.17"
104/02/09,"14,346.36"
104/02/10,"14,304.03"
104/02/11,"14,408.36"
104/02/12,"14,460.27"
104/02/13,"14,510.83"
104/02/24,"14,662.89"
104/02/25,"14,769.74"
104/02/26,"14,651.82"
104/03/02,"14,620.23"
104/03/03,"14,626.95"
104/03/04,"14,651.25"
104/03/05,"14,610.68"
104/03/06,"14,687.87"
104/03/09,"14,561.80"
104/03/10,"14,521.51"
104/03/11,"14,501.20"
104/03/12,"14,612.07"
104/03/13,"14,586.72"
104/03/16,"14,485.55"
104/03/17,"14,525.95"
104/03/18,"14,699.53"
104/03/19,"14,826.37"
104/03/20,"14,846.10"
104/03/23,"14,858.89"
104/03/24,"14,818.64"
104/03/25,"14,721.45"
104/03/26,"14,647.28"
104/03/27,"14,471.56"
104/03/30,"14,499.19"
104/03/31,"14,597.52"
104/04/01,"14,477.55"
104/04/02,"14,618.65"
104/04/07,"14,681.97"
104/04/08,"14,575.48"
104/04/09,"14,569.50"
104/04/10,"14,645.11"
104/04/13,"14,719.46"
104/04/14,"14,682.46"
104/04/15,"14,526.90"
104/04/16,"14,704.76"
104/04/17,"14,573.90"
104/04/20,"14,546.37"
104/04/21,"14,517.63"
104/04/22,"14,637.96"
104/04/23,"14,918.89"
104/04/24,"15,095.20"
104/04/27,"15,186.32"
104/04/28,"15,161.52"
104/04/29,"15,004.68"
104/04/30,"14,953.23"
104/05/04,"14,991.62"
104/05/05,"14,953.69"
104/05/06,"14,950.75"
104/05/07,"14,777.02"
104/05/08,"14,758.59"
104/05/11,"14,715.52"
104/05/12,"14,741.41"
104/05/13,"14,807.48"
104/05/14,"14,635.25"
104/05/15,"14,587.52"
104/05/18,"14,628.05"
104/05/19,"14,796.58"
104/05/20,"14,748.68"
104/05/21,"14,586.12"
104/05/22,"14,677.84"
104/05/25,"14,687.55"
104/05/26,"14,724.46"
104/05/27,"14,761.36"
104/05/28,"14,790.76"
104/05/29,"14,772.83"
104/06/01,"14,658.67"
104/06/02,"14,641.27"
104/06/03,"14,553.47"
104/06/04,"14,236.88"
104/06/05,"14,223.93"
104/06/08,"14,267.25"
104/06/09,"13,999.29"
104/06/10,"14,161.70"
104/06/11,"14,167.97"
104/06/12,"14,167.12"
104/06/15,"14,103.60"
104/06/16,"14,032.87"
104/06/17,"13,998.95"
104/06/18,"14,042.92"
104/06/22,"14,232.05"
104/06/23,"14,309.65"
104/06/24,"14,319.17"
104/06/25,"14,440.35"
104/06/26,"14,428.68"
104/06/29,"14,144.90"
104/06/30,"14,307.35"
104/07/01,"14,401.91"
104/07/02,"14,416.53"
104/07/03,"14,391.89"
104/07/06,"14,239.10"
104/07/07,"14,237.53"
104/07/08,"13,817.85"
104/07/09,"13,743.06"
104/07/13,"13,936.67"
104/07/14,"13,962.85"
104/07/15,"14,016.79"
104/07/16,"14,033.93"
104/07/17,"14,041.88"
104/07/20,"13,937.12"
104/07/21,"13,991.22"
104/07/22,"13,862.71"
104/07/23,"13,685.18"
104/07/24,"13,658.28"
104/07/27,"13,330.86"
104/07/28,"13,378.88"
104/07/29,"13,362.86"
104/07/30,"13,511.41"
104/07/31,"13,538.36"
104/08/03,"13,319.24"
104/08/04,"13,309.81"
104/08/05,"13,359.35"
104/08/06,"13,235.14"
104/08/07,"13,224.89"
104/08/10,"13,281.67"
104/08/11,"13,175.10"
104/08/12,"13,003.75"
104/08/13,"13,070.77"
104/08/14,"13,061.76"
104/08/17,"12,921.88"
104/08/18,"12,866.52"
104/08/19,"12,623.03"
104/08/20,"12,639.66"
104/08/21,"12,257.34"
104/08/24,"11,666.06"
104/08/25,"12,088.44"
104/08/26,"12,153.54"
104/08/27,"12,337.12"
104/08/28,"12,645.42"
104/08/31,"12,894.35"
104/09/01,"12,651.38"
104/09/02,"12,681.59"
104/09/03,"12,808.80"
104/09/04,"12,657.98"
104/09/07,"12,636.28"
104/09/08,"12,660.12"
104/09/09,"13,111.99"
104/09/10,"13,083.26"
104/09/11,"13,142.05"
104/09/14,"13,145.15"
104/09/15,"13,070.62"
104/09/16,"13,186.61"
104/09/17,"13,364.37"
104/09/18,"13,390.69"
104/09/21,"13,147.31"
104/09/22,"13,240.85"
104/09/23,"12,967.82"
104/09/24,"12,856.92"
104/09/25,"12,871.55"
104/09/30,"12,948.92"
104/10/01,"13,130.68"
104/10/02,"13,145.07"
104/10/05,"13,219.98"
104/10/06,"13,286.04"
104/10/07,"13,446.11"
104/10/08,"13,368.45"
104/10/12,"13,570.69"
104/10/13,"13,561.51"
104/10/14,"13,489.63"
104/10/15,"13,615.03"
104/10/16,"13,620.47"
104/10/19,"13,662.48"
104/10/20,"13,697.47"
104/10/21,"13,627.23"
104/10/22,"13,626.30"
104/10/23,"13,729.75"
104/10/26,"13,843.00"
104/10/27,"13,773.29"
104/10/28,"13,717.37"
104/10/29,"13,567.14"
104/10/30,"13,540.60"
104/11/02,"13,636.30"
104/11/03,"13,792.14"
104/11/04,"14,019.85"
104/11/05,"14,009.04"
104/11/06,"13,761.14"
104/11/09,"13,680.33"
104/11/10,"13,513.20"
104/11/11,"13,320.26"
104/11/12,"13,340.97"
104/11/13,"13,184.90"
104/11/16,"13,130.94"
104/11/17,"13,327.25"
104/11/18,"13,202.28"
104/11/19,"13,418.72"
104/11/20,"13,400.13"
104/11/23,"13,432.22"
104/11/24,"13,296.85"
104/11/25,"13,274.68"
104/11/26,"13,431.02"
104/11/27,"13,294.11"
104/11/30,"13,170.98"
104/12/01,"13,396.84"
104/12/02,"13,387.49"
104/12/03,"13,385.38"
104/12/04,"13,294.42"
104/12/07,"13,382.54"
104/12/08,"13,207.77"
104/12/09,"13,026.93"
104/12/10,"13,005.65"
104/12/11,"12,846.91"
104/12/14,"12,727.03"
104/12/15,"12,779.57"
104/12/16,"12,955.77"
104/12/17,"13,169.48"
104/12/18,"13,070.79"
104/12/21,"13,110.11"
104/12/22,"13,126.86"
104/12/23,"13,163.19"
104/12/24,"13,176.90"
104/12/25,"13,238.52"
104/12/28,"13,230.93"
104/12/29,"13,128.71"
104/12/30,"13,106.66"
104/12/31,"13,198.59"
105/01/04,"12,844.34"
105/01/05,"12,782.35"
105/01/06,"12,648.25"
105/01/07,"12,429.29"
105/01/08,"12,495.63"
105/01/11,"12,328.55"
105/01/12,"12,296.93"
105/01/13,"12,385.83"
105/01/14,"12,256.45"
105/01/15,"12,286.75"
105/01/18,"12,364.57"
105/01/19,"12,433.75"
105/01/20,"12,187.20"
105/01/21,"12,131.61"
105/01/22,"12,277.51"
105/01/25,"12,495.91"
105/01/26,"12,392.26"
105/01/27,"12,425.75"
105/01/28,"12,513.24"
105/01/29,"12,791.05"
105/01/30,"12,893.32"
105/02/01,"12,911.93"
105/02/02,"12,871.20"
105/02/03,"12,763.19"
105/02/15,"12,768.75"
105/02/16,"12,999.16"
105/02/17,"13,002.60"
105/02/18,"13,161.56"
105/02/19,"13,177.98"
105/02/22,"13,180.58"
105/02/23,"13,193.18"
105/02/24,"13,111.21"
105/02/25,"13,242.60"
105/02/26,"13,314.30"
105/03/01,"13,432.27"
105/03/02,"13,524.65"
105/03/03,"13,631.89"
105/03/04,"13,682.17"
105/03/07,"13,707.48"
105/03/08,"13,715.02"
105/03/09,"13,667.22"
105/03/10,"13,709.32"
105/03/11,"13,781.24"
105/03/14,"13,847.34"
105/03/15,"13,630.92"
105/03/16,"13,770.16"
105/03/17,"13,826.18"
105/03/18,"13,946.77"
105/03/21,"13,949.92"
105/03/22,"13,907.14"
105/03/23,"13,876.13"
105/03/24,"13,840.19"
105/03/25,"13,779.38"
105/03/28,"13,756.40"
105/03/29,"13,640.69"
105/03/30,"13,830.15"
105/03/31,"13,842.48"
105/04/01,"13,704.33"
105/04/06,"13,475.98"
105/04/07,"13,439.50"
105/04/08,"13,520.62"
105/04/11,"13,554.00"
105/04/12,"13,504.28"
105/04/13,"13,695.67"
105/04/14,"13,720.40"
105/04/15,"13,772.14"
105/04/18,"13,717.71"
105/04/19,"13,666.60"
105/04/20,"13,477.84"
105/04/21,"13,563.59"
105/04/22,"13,511.51"
105/04/25,"13,550.35"
105/04/26,"13,584.04"
105/04/27,"13,554.74"
105/04/28,"13,413.57"
105/04/29,"13,261.65"
105/05/03,"13,129.04"
105/05/04,"12,957.15"
105/05/05,"12,929.43"
105/05/06,"12,895.87"
105/05/09,"12,872.76"
105/05/10,"12,911.48"
105/05/11,"12,878.78"
105/05/12,"12,835.23"
105/05/13,"12,749.18"
105/05/16,"12,771.19"
105/05/17,"12,886.55"
105/05/18,"12,916.95"
105/05/19,"12,816.12"
105/05/20,"12,871.97"
105/05/23,"13,209.44"
105/05/24,"13,140.13"
105/05/25,"13,291.38"
105/05/26,"13,288.09"
105/05/27,"13,398.19"
105/05/30,"13,512.57"
105/05/31,"13,512.13"
105/06/01,"13,609.60"
105/06/02,"13,544.71"
105/06/03,"13,598.38"
105/06/04,"13,605.05"
105/06/06,"13,613.81"
105/06/07,"13,744.93"
105/06/08,"13,801.32"
105/06/13,"13,517.66"
105/06/14,"13,581.06"
105/06/15,"13,629.59"
105/06/16,"13,452.09"
105/06/17,"13,569.18"
105/06/20,"13,661.23"
105/06/21,"13,756.79"
105/06/22,"13,807.06"
105/06/23,"13,751.30"
105/06/24,"13,436.89"
105/06/27,"13,520.95"
105/06/28,"13,596.83"
105/06/29,"13,728.77"
105/06/30,"13,869.89"
105/07/01,"13,986.37"
105/07/04,"14,044.90"
105/07/05,"13,977.70"
105/07/06,"13,766.24"
105/07/07,"13,888.96"
105/07/11,"14,128.03"
105/07/12,"14,234.16"
105/07/13,"14,282.59"
105/07/14,"14,308.93"
105/07/15,"14,457.21"
105/07/18,"14,558.82"
105/07/19,"14,619.80"
105/07/20,"14,580.73"
105/07/21,"14,700.09"
105/07/22,"14,630.38"
105/07/25,"14,603.09"
105/07/26,"14,670.69"
105/07/27,"14,735.18"
105/07/28,"14,762.78"
105/07/29,"14,622.84"
105/08/01,"14,792.04"
105/08/02,"14,784.50"
105/08/03,"14,680.28"
105/08/04,"14,729.33"
105/08/05,"14,852.69"
105/08/08,"14,948.55"
105/08/09,"14,961.36"
105/08/10,"15,040.79"
105/08/11,"14,934.16"
105/08/12,"14,966.08"
105/08/15,"14,983.13"
105/08/16,"14,922.77"
105/08/17,"14,936.23"
105/08/18,"14,955.63"
105/08/19,"14,812.62"
105/08/22,"14,728.54"
105/08/23,"14,809.36"
105/08/24,"14,795.69"
105/08/25,"14,961.95"
105/08/26,"14,990.27"
105/08/29,"14,957.62"
105/08/30,"14,962.15"
105/08/31,"14,899.62"
105/09/01,"14,790.74"
105/09/02,"14,806.99"
105/09/05,"14,976.43"
105/09/06,"15,127.54"
105/09/07,"15,255.14"
105/09/08,"15,267.19"
105/09/09,"15,105.64"
105/09/10,"14,922.56"
105/09/12,"14,746.96"
105/09/13,"14,736.69"
105/09/14,"14,673.19"
105/09/19,"15,086.19"
105/09/20,"15,101.10"
105/09/21,"15,211.41"
105/09/22,"15,222.78"
105/09/23,"15,304.14"
105/09/26,"15,156.06"
105/09/29,"15,281.96"
105/09/30,"15,110.44"
105/10/03,"15,221.46"
105/10/04,"15,309.76"
105/10/05,"15,284.23"
105/10/06,"15,304.15"
105/10/07,"15,273.65"
105/10/11,"15,198.21"
105/10/12,"15,252.23"
105/10/13,"15,197.13"
105/10/14,"15,108.11"
105/10/17,"15,126.32"
105/10/18,"15,203.14"
105/10/19,"15,304.50"
105/10/20,"15,359.37"
105/10/21,"15,341.77"
105/10/24,"15,368.04"
105/10/25,"15,472.36"
105/10/26,"15,433.79"
105/10/27,"15,330.43"
105/10/28,"15,342.58"
105/10/31,"15,314.95"
105/11/01,"15,286.23"
105/11/02,"15,065.93"
105/11/03,"14,947.94"
105/11/04,"14,949.46"
105/11/07,"15,150.06"
105/11/08,"15,195.55"
105/11/09,"14,743.45"
105/11/10,"15,087.99"
105/11/11,"14,767.47"
105/11/14,"14,738.84"
105/11/15,"14,723.39"
105/11/16,"14,774.83"
105/11/17,"14,829.29"
105/11/18,"14,851.59"
105/11/21,"14,904.87"
105/11/22,"15,057.00"
105/11/23,"15,130.93"
105/11/24,"15,088.05"
105/11/25,"15,100.53"
105/11/28,"15,204.69"
105/11/29,"15,155.46"
105/11/30,"15,235.13"
105/12/01,"15,272.76"
105/12/02,"15,150.68"
105/12/05,"15,103.16"
105/12/06,"15,251.72"
105/12/07,"15,273.34"
105/12/08,"15,457.96"
105/12/09,"15,485.68"
105/12/12,"15,415.22"
105/12/13,"15,468.31"
105/12/14,"15,445.86"
105/12/15,"15,432.38"
105/12/16,"15,377.04"
105/12/19,"15,232.84"
105/12/20,"15,237.93"
105/12/21,"15,175.03"
105/12/22,"15,034.05"
105/12/23,"14,967.93"
105/12/26,"15,020.52"
105/12/27,"15,018.43"
105/12/28,"15,170.32"
105/12/29,"15,090.68"
105/12/30,"15,256.22"
106/01/03,"15,288.17"
106/01/04,"15,311.39"
106/01/05,"15,428.73"
106/01/06,"15,451.94"
106/01/09,"15,402.82"
106/01/10,"15,414.73"
106/01/11,"15,408.29"
106/01/12,"15,514.53"
106/01/13,"15,462.84"
106/01/16,"15,320.24"
106/01/17,"15,422.78"
106/01/18,"15,402.08"
106/01/19,"15,362.77"
106/01/20,"15,384.75"
106/01/23,"15,537.40"
106/01/24,"15,576.81"
106/02/02,"15,545.51"
106/02/03,"15,589.35"
106/02/06,"15,725.29"
106/02/07,"15,752.58"
106/02/08,"15,733.92"
106/02/09,"15,811.31"
106/02/10,"15,935.63"
106/02/13,"16,009.37"
106/02/14,"16,023.32"
106/02/15,"16,156.83"
106/02/16,"16,109.84"
106/02/17,"16,090.88"
106/02/18,"16,124.12"
106/02/20,"16,080.08"
106/02/21,"16,097.77"
106/02/22,"16,122.25"
106/02/23,"16,106.63"
106/02/24,"16,075.57"
106/03/01,"15,950.78"
106/03/02,"15,978.84"
106/03/03,"15,906.98"
106/03/06,"15,963.72"
106/03/07,"16,055.13"
106/03/08,"16,080.49"
106/03/09,"15,924.12"
106/03/10,"15,873.47"
106/03/13,"15,987.97"
106/03/14,"16,065.26"
106/03/15,"16,058.82"
106/03/16,"16,219.61"
106/03/17,"16,336.44"
106/03/20,"16,343.49"
106/03/21,"16,441.62"
106/03/22,"16,359.46"
106/03/23,"16,372.78"
106/03/24,"16,327.02"
106/03/27,"16,283.80"
106/03/28,"16,283.28"
106/03/29,"16,249.97"
106/03/30,"16,236.62"
106/03/31,"16,176.23"
106/04/05,"16,403.68"
106/04/06,"16,318.47"
106/04/07,"16,278.20"
106/04/10,"16,293.32"
106/04/11,"16,210.69"
106/04/12,"16,186.38"
106/04/13,"16,217.70"
106/04/14,"16,046.66"
106/04/17,"16,019.40"
106/04/18,"16,069.13"
106/04/19,"15,893.35"
106/04/20,"15,881.39"
106/04/21,"16,021.06"
106/04/24,"16,021.95"
106/04/25,"16,225.99"
106/04/26,"16,250.31"
106/04/27,"16,257.17"
106/04/28,"16,275.94"
106/05/02,"16,390.15"
106/05/03,"16,413.33"
106/05/04,"16,433.62"
106/05/05,"16,322.01"
106/05/08,"16,383.52"
106/05/09,"16,347.63"
106/05/10,"16,434.92"
106/05/11,"16,489.59"
106/05/12,"16,465.43"
106/05/15,"16,547.87"
106/05/16,"16,539.59"
106/05/17,"16,510.22"
106/05/18,"16,437.31"
106/05/19,"16,401.31"
106/05/22,"16,483.15"
106/05/23,"16,500.61"
106/05/24,"16,560.91"
106/05/25,"16,666.55"
106/05/26,"16,655.76"
106/05/31,"16,554.82"
106/06/01,"16,631.87"
106/06/02,"16,739.82"
106/06/03,"16,749.09"
106/06/05,"16,863.28"
106/06/06,"16,830.16"
106/06/07,"16,836.46"
106/06/08,"16,862.48"
106/06/09,"16,819.41"
106/06/12,"16,671.51"
106/06/13,"16,702.37"
106/06/14,"16,611.94"
106/06/15,"16,638.78"
106/06/16,"16,751.66"
106/06/19,"16,906.48"
106/06/20,"17,031.37"
106/06/21,"17,073.07"
106/06/22,"17,158.41"
106/06/23,"17,124.43"
106/06/26,"17,454.88"
106/06/27,"17,452.00"
106/06/28,"17,283.64"
106/06/29,"17,338.95"
106/06/30,"17,298.15"
106/07/03,"17,367.39"
106/07/04,"17,263.54"
106/07/05,"17,366.05"
106/07/06,"17,340.92"
106/07/07,"17,226.18"
106/07/10,"17,217.58"
106/07/11,"17,448.20"
106/07/12,"17,484.98"
106/07/13,"17,608.71"
106/07/14,"17,587.16"
106/07/17,"17,625.14"
106/07/18,"17,693.80"
106/07/19,"17,740.87"
106/07/20,"17,739.83"
106/07/21,"17,657.97"
106/07/24,"17,703.44"
106/07/25,"17,719.59"
106/07/26,"17,658.57"
106/07/27,"17,824.51"
106/07/28,"17,681.59"
106/07/31,"17,697.54"
106/08/01,"17,728.87"
106/08/02,"17,879.09"
106/08/03,"17,808.61"
106/08/04,"17,880.21"
106/08/07,"18,004.62"
106/08/08,"17,997.70"
106/08/09,"17,843.32"
106/08/10,"17,621.56"
106/08/11,"17,624.02"
106/08/14,"17,447.74"
106/08/15,"17,595.91"
106/08/16,"17,571.29"
106/08/17,"17,718.01"
106/08/18,"17,636.62"
106/08/21,"17,647.76"
106/08/22,"17,763.22"
106/08/23,"17,792.79"
106/08/24,"17,938.65"
106/08/25,"17,986.53"
106/08/28,"18,007.85"
106/08/29,"17,962.06"
106/08/30,"18,090.01"
106/08/31,"18,119.11"
106/09/01,"18,134.59"
106/09/04,"18,091.93"
106/09/05,"18,174.45"
106/09/06,"18,054.98"
106/09/07,"18,040.62"
106/09/08,"18,162.91"
106/09/11,"18,102.33"
106/09/12,"18,167.72"
106/09/13,"18,035.11"
106/09/14,"18,076.66"
106/09/15,"18,122.64"
106/09/18,"18,212.52"
106/09/19,"18,117.56"
106/09/20,"18,019.98"
106/09/21,"18,121.68"
106/09/22,"17,901.33"
106/09/25,"17,706.39"
106/09/26,"17,571.28"
106/09/27,"17,690.97"
106/09/28,"17,639.43"
106/09/29,"17,696.83"
106/09/30,"17,789.34"
106/10/02,"17,928.48"
106/10/03,"17,935.65"
106/10/05,"18,019.46"
106/10/06,"18,044.49"
106/10/11,"18,230.16"
106/10/12,"18,351.55"
106/10/13,"18,373.21"
106/10/16,"18,459.08"
106/10/17,"18,371.60"
106/10/18,"18,366.68"
106/10/19,"18,435.26"
106/10/20,"18,381.43"
106/10/23,"18,392.28"
106/10/24,"18,406.96"
106/10/25,"18,418.61"
106/10/26,"18,391.51"
106/10/27,"18,347.57"
106/10/30,"18,429.39"
106/10/31,"18,492.76"
106/11/01,"18,514.29"
106/11/02,"18,483.74"
106/11/03,"18,504.74"
106/11/06,"18,479.77"
106/11/07,"18,572.65"
106/11/08,"18,536.07"
106/11/09,"18,406.34"
106/11/10,"18,388.19"
106/11/13,"18,304.66"
106/11/14,"18,310.24"
106/11/15,"18,213.39"
106/11/16,"18,203.77"
106/11/17,"18,335.01"
106/11/20,"18,271.46"
106/11/21,"18,467.96"
106/11/22,"18,542.24"
106/11/23,"18,597.16"
106/11/24,"18,596.34"
106/11/27,"18,419.60"
106/11/28,"18,344.46"
106/11/29,"18,355.54"
106/11/30,"18,093.23"
106/12/01,"18,161.64"
106/12/04,"18,248.57"
106/12/05,"18,104.22"
106/12/06,"17,807.92"
106/12/07,"17,742.55"
106/12/08,"17,815.99"
106/12/11,"17,943.57"
106/12/12,"17,892.50"
106/12/13,"17,939.47"
106/12/14,"18,055.10"
106/12/15,"17,975.30"
106/12/18,"18,001.14"
106/12/19,"17,934.02"
106/12/20,"17,997.71"
106/12/21,"17,971.08"
106/12/22,"18,053.82"
106/12/25,"18,028.50"
106/12/26,"17,856.19"
106/12/27,"17,967.13"
106/12/28,"18,105.87"
106/12/29,"18,234.75"
107/01/02,"18,351.03"
107/01/03,"18,506.67"
107/01/04,"18,587.30"
107/01/05,"18,640.70"
107/01/08,"18,702.30"
107/01/09,"18,700.83"
107/01/10,"18,557.24"
107/01/11,"18,521.21"
107/01/12,"18,647.82"
107/01/15,"18,771.78"
107/01/16,"18,822.84"
107/01/17,"18,854.87"
107/01/18,"18,969.26"
107/01/19,"19,105.09"
107/01/22,"19,243.21"
107/01/23,"19,280.30"
107/01/24,"19,107.34"
107/01/25,"19,130.97"
107/01/26,"19,098.67"
107/01/29,"19,226.67"
107/01/30,"18,978.19"
107/01/31,"19,024.46"
107/02/01,"19,121.21"
107/02/02,"19,062.91"
107/02/05,"18,754.55"
107/02/06,"17,825.49"
107/02/07,"18,078.29"
107/02/08,"18,038.84"
107/02/09,"17,770.24"
107/02/12,"17,854.78"
107/02/21,"18,357.38"
107/02/22,"18,268.19"
107/02/23,"18,494.63"
107/02/26,"18,566.86"
107/02/27,"18,530.49"
107/03/01,"18,479.63"
107/03/02,"18,329.51"
107/03/05,"18,234.80"
107/03/06,"18,477.15"
107/03/07,"18,410.30"
107/03/08,"18,543.80"
107/03/09,"18,615.03"
107/03/12,"18,850.23"
107/03/13,"19,010.49"
107/03/14,"18,913.13"
107/03/15,"18,878.25"
107/03/16,"18,894.10"
107/03/19,"18,927.00"
107/03/20,"18,865.21"
107/03/21,"18,865.60"
107/03/22,"18,856.65"
107/03/23,"18,543.95"
107/03/26,"18,572.59"
107/03/27,"18,824.00"
107/03/28,"18,616.48"
107/03/29,"18,582.66"
107/03/30,"18,685.97"
107/03/31,"18,708.70"
107/04/02,"18,655.21"
107/04/03,"18,540.87"
107/04/09,"18,664.23"
107/04/10,"18,721.88"
107/04/11,"18,802.14"
107/04/12,"18,770.03"
107/04/13,"18,787.35"
107/04/16,"18,768.77"
107/04/17,"18,521.88"
107/04/18,"18,586.02"
107/04/19,"18,797.34"
107/04/20,"18,468.64"
107/04/23,"18,327.73"
107/04/24,"18,126.19"
107/04/25,"18,092.73"
107/04/26,"17,970.41"
107/04/27,"18,081.52"
107/04/30,"18,260.48"
107/05/02,"18,193.54"
107/05/03,"18,014.28"
107/05/04,"18,040.30"
107/05/07,"18,169.72"
107/05/08,"18,317.87"
107/05/09,"18,338.52"
107/05/10,"18,435.94"
107/05/11,"18,605.16"
107/05/14,"18,765.20"
107/05/15,"18,632.15"
107/05/16,"18,671.28"
107/05/17,"18,562.03"
107/05/18,"18,556.95"
107/05/21,"18,789.19"
107/05/22,"18,742.14"
107/05/23,"18,652.10"
107/05/24,"18,739.05"
107/05/25,"18,748.25"
107/05/28,"18,826.15"
107/05/29,"18,785.63"
107/05/30,"18,540.71"
107/05/31,"18,632.87"
107/06/01,"18,760.39"
107/06/04,"19,035.91"
107/06/05,"19,020.82"
107/06/06,"19,195.12"
107/06/07,"19,281.07"
107/06/08,"19,117.71"
107/06/11,"19,105.39"
107/06/12,"19,098.15"
107/06/13,"19,146.88"
107/06/14,"18,874.83"
107/06/15,"19,003.56"
107/06/19,"18,690.50"
107/06/20,"18,730.93"
107/06/21,"18,758.61"
107/06/22,"18,687.13"
107/06/25,"18,612.93"
107/06/26,"18,569.28"
107/06/27,"18,499.01"
107/06/28,"18,427.69"
107/06/29,"18,744.53"
107/07/02,"18,654.33"
107/07/03,"18,556.03"
107/07/04,"18,612.95"
107/07/05,"18,453.79"
107/07/06,"18,453.63"
107/07/09,"18,681.78"
107/07/10,"18,788.69"
107/07/11,"18,685.73"
107/07/12,"18,823.22"
107/07/13,"19,055.59"
107/07/16,"18,978.76"
107/07/17,"18,922.80"
107/07/18,"19,043.68"
107/07/19,"19,038.74"
107/07/20,"19,211.06"
107/07/23,"19,266.21"
107/07/24,"19,354.95"
107/07/25,"19,335.32"
107/07/26,"19,436.93"
107/07/27,"19,554.47"
107/07/30,"19,497.77"
107/07/31,"19,552.69"
107/08/01,"19,645.48"
107/08/02,"19,370.81"
107/08/03,"19,520.38"
107/08/06,"19,542.06"
107/08/07,"19,470.59"
107/08/08,"19,636.72"
107/08/09,"19,569.52"
107/08/10,"19,510.42"
107/08/13,"19,093.80"
107/08/14,"19,232.48"
107/08/15,"19,045.41"
107/08/16,"18,997.39"
107/08/17,"19,011.58"
107/08/20,"19,026.21"
107/08/21,"19,203.10"
107/08/22,"19,233.18"
107/08/23,"19,341.04"
107/08/24,"19,249.40"
107/08/27,"19,417.98"
107/08/28,"19,575.62"
107/08/29,"19,773.50"
107/08/30,"19,769.40"
107/08/31,"19,716.61"
107/09/03,"19,539.04"
107/09/04,"19,643.45"
107/09/05,"19,598.41"
107/09/06,"19,476.35"
107/09/07,"19,340.95"
107/09/10,"19,124.87"
107/09/11,"19,172.67"
107/09/12,"19,120.02"
107/09/13,"19,128.42"
107/09/14,"19,379.69"
107/09/17,"19,309.26"
107/09/18,"19,192.93"
107/09/19,"19,366.08"
107/09/20,"19,322.28"
107/09/21,"19,573.87"
107/09/25,"19,585.36"
107/09/26,"19,577.05"
107/09/27,"19,684.36"
107/09/28,"19,634.67"
107/10/01,"19,715.77"
107/10/02,"19,479.99"
107/10/03,"19,380.64"
107/10/04,"19,121.92"
107/10/05,"18,761.93"
107/10/08,"18,652.78"
107/10/09,"18,672.22"
107/10/11,"17,493.53"
107/10/12,"17,921.15"
107/10/15,"17,663.03"
107/10/16,"17,805.89"
107/10/17,"17,802.39"
107/10/18,"17,757.08"
107/10/19,"17,695.59"
107/10/22,"17,793.76"
107/10/23,"17,438.61"
107/10/24,"17,410.40"
107/10/25,"16,984.75"
107/10/26,"16,928.54"
107/10/29,"16,976.96"
107/10/30,"16,994.43"
107/10/31,"17,486.87"
107/11/01,"17,562.88"
107/11/02,"17,673.23"
107/11/05,"17,643.29"
107/11/06,"17,527.59"
107/11/07,"17,676.68"
107/11/08,"17,742.62"
107/11/09,"17,536.92"
107/11/12,"17,539.06"
107/11/13,"17,440.29"
107/11/14,"17,468.89"
107/11/15,"17,530.59"
107/11/16,"17,478.20"
107/11/19,"17,534.57"
107/11/20,"17,383.64"
107/11/21,"17,379.23"
107/11/22,"17,331.40"
107/11/23,"17,246.81"
107/11/26,"17,421.79"
107/11/27,"17,445.68"
107/11/28,"17,634.48"
107/11/29,"17,636.36"
107/11/30,"17,641.12"
107/12/03,"18,086.85"
107/12/04,"17,989.93"
107/12/05,"17,692.34"
107/12/06,"17,278.40"
107/12/07,"17,414.27"
107/12/10,"17,212.06"
107/12/11,"17,318.22"
107/12/12,"17,513.41"
107/12/13,"17,588.89"
107/12/14,"17,437.96"
107/12/17,"17,461.81"
107/12/18,"17,339.23"
107/12/19,"17,454.11"
107/12/20,"17,260.20"
107/12/21,"17,264.04"
107/12/22,"17,209.60"
107/12/24,"17,198.08"
107/12/25,"16,997.17"
107/12/26,"16,911.35"
107/12/27,"17,201.40"
107/12/28,"17,354.55"
108/01/02,"17,045.43"
108/01/03,"16,935.32"
108/01/04,"16,739.23"
108/01/07,"17,109.94"
108/01/08,"17,062.30"
108/01/09,"17,374.00"
108/01/10,"17,342.57"
108/01/11,"17,411.63"
108/01/14,"17,320.31"
108/01/15,"17,494.85"
108/01/16,"17,419.50"
108/01/17,"17,464.70"
108/01/18,"17,548.39"
108/01/21,"17,643.56"
108/01/22,"17,652.95"
108/01/23,"17,566.84"
108/01/24,"17,621.65"
108/01/25,"17,786.66"
108/01/28,"17,864.67"
108/01/29,"17,718.82"
108/01/30,"17,720.03"
108/02/11,"17,848.46"
108/02/12,"18,015.26"
108/02/13,"18,002.48"
108/02/14,"17,999.69"
108/02/15,"17,956.45"
108/02/18,"18,100.07"
108/02/19,"18,112.53"
108/02/20,"18,326.97"
108/02/21,"18,410.95"
108/02/22,"18,417.00"
108/02/25,"18,538.33"
108/02/26,"18,539.45"
108/02/27,"18,535.19"
108/03/04,"18,465.10"
108/03/05,"18,385.48"
108/03/06,"18,478.07"
108/03/07,"18,396.95"
108/03/08,"18,272.19"
108/03/11,"18,287.40"
108/03/12,"18,453.41"
108/03/13,"18,506.92"
108/03/14,"18,462.90"
108/03/15,"18,624.52"
108/03/18,"18,755.58"
108/03/19,"18,754.90"
108/03/20,"18,824.92"
108/03/21,"18,928.38"
108/03/22,"18,981.04"
108/03/25,"18,696.31"
108/03/26,"18,838.55"
108/03/27,"18,809.10"
108/03/28,"18,797.62"
108/03/29,"18,984.56"
108/04/01,"18,987.39"
108/04/02,"19,072.43"
108/04/03,"19,097.57"
108/04/08,"19,269.18"
108/04/09,"19,360.21"
108/04/10,"19,389.72"
108/04/11,"19,283.80"
108/04/12,"19,277.60"
108/04/15,"19,403.03"
108/04/16,"19,496.24"
108/04/17,"19,620.09"
108/04/18,"19,557.20"
108/04/19,"19,568.77"
108/04/22,"19,603.05"
108/04/23,"19,670.79"
108/04/24,"19,674.28"
108/04/25,"19,696.08"
108/04/26,"19,540.17"
108/04/29,"19,516.25"
108/04/30,"19,567.40"
108/05/02,"19,632.97"
108/05/03,"19,796.78"
108/05/06,"19,441.43"
108/05/07,"19,602.03"
108/05/08,"19,488.95"
108/05/09,"19,149.90"
108/05/10,"19,113.00"
108/05/13,"18,837.01"
108/05/14,"18,767.35"
108/05/15,"18,841.31"
108/05/16,"18,687.72"
108/05/17,"18,526.25"
108/05/20,"18,551.76"
108/05/21,"18,669.67"
108/05/22,"18,656.68"
108/05/23,"18,391.65"
108/05/24,"18,427.17"
108/05/27,"18,437.61"
108/05/28,"18,398.68"
108/05/29,"18,379.89"
108/05/30,"18,524.78"
108/05/31,"18,730.94"
108/06/03,"18,734.92"
108/06/04,"18,608.32"
108/06/05,"18,666.31"
108/06/06,"18,572.78"
108/06/10,"18,853.39"
108/06/11,"18,927.06"
108/06/12,"18,941.41"
108/06/13,"18,844.64"
108/06/14,"18,780.55"
108/06/17,"18,791.94"
108/06/18,"18,859.26"
108/06/19,"19,233.88"
108/06/20,"19,278.58"
108/06/21,"19,312.11"
108/06/24,"19,394.94"
108/06/25,"19,265.78"
108/06/26,"19,191.67"
108/06/27,"19,414.25"
108/06/28,"19,337.63"
108/07/01,"19,650.99"
108/07/02,"19,637.41"
108/07/03,"19,448.42"
108/07/04,"19,544.38"
108/07/05,"19,566.46"
108/07/08,"19,532.87"
108/07/09,"19,465.86"
108/07/10,"19,645.53"
108/07/11,"19,757.53"
108/07/12,"19,728.58"
108/07/15,"19,844.62"
108/07/16,"19,886.65"
108/07/17,"19,785.38"
108/07/18,"19,740.32"
108/07/19,"19,883.45"
108/07/22,"20,027.20"
108/07/23,"20,037.90"
108/07/24,"20,028.94"
108/07/25,"20,120.61"
108/07/26,"20,032.69"
108/07/29,"20,033.05"
108/07/30,"19,933.84"
108/07/31,"19,938.27"
108/08/01,"19,784.89"
108/08/02,"19,450.09"
108/08/05,"19,219.30"
108/08/06,"19,176.89"
108/08/07,"19,164.33"
108/08/08,"19,372.55"
108/08/12,"19,360.92"
108/08/13,"19,176.50"
108/08/14,"19,306.45"
108/08/15,"19,125.64"
108/08/16,"19,299.26"
108/08/19,"19,426.65"
108/08/20,"19,493.72"
108/08/21,"19,503.83"
108/08/22,"19,512.96"
108/08/23,"19,532.52"
108/08/26,"19,208.29"
108/08/27,"19,274.58"
108/08/28,"19,365.75"
108/08/29,"19,424.64"
108/08/30,"19,714.34"
108/09/02,"19,747.08"
108/09/03,"19,605.96"
108/09/04,"19,790.44"
108/09/05,"19,979.16"
108/09/06,"20,023.69"
108/09/09,"20,062.05"
108/09/10,"19,973.71"
108/09/11,"20,042.62"
108/09/12,"20,111.71"
108/09/16,"20,248.60"
108/09/17,"20,204.79"
108/09/18,"20,306.99"
108/09/19,"20,274.61"
108/09/20,"20,339.81"
108/09/23,"20,319.98"
108/09/24,"20,318.25"
108/09/25,"20,235.92"
108/09/26,"20,233.00"
108/09/27,"20,154.27"
108/10/01,"20,411.12"
108/10/02,"20,377.60"
108/10/03,"20,243.63"
108/10/04,"20,278.19"
108/10/07,"20,353.73"
108/10/08,"20,506.82"
108/10/09,"20,269.96"
108/10/14,"20,599.41"
108/10/15,"20,682.89"
108/10/16,"20,777.88"
108/10/17,"20,822.69"
108/10/18,"20,810.30"
108/10/21,"20,817.62"
108/10/22,"20,979.74"
108/10/23,"20,920.95"
108/10/24,"21,070.74"
108/10/25,"21,026.13"
108/10/28,"21,061.65"
108/10/29,"21,096.75"
108/10/30,"21,183.15"
108/10/31,"21,142.99"
108/11/01,"21,218.98"
108/11/04,"21,513.38"
108/11/05,"21,675.66"
108/11/06,"21,692.48"
108/11/07,"21,605.90"
108/11/08,"21,555.61"
108/11/11,"21,272.17"
108/11/12,"21,445.46"
108/11/13,"21,347.65"
108/11/14,"21,315.25"
108/11/15,"21,455.19"
108/11/18,"21,593.28"
108/11/19,"21,698.68"
108/11/20,"21,651.77"
108/11/21,"21,516.02"
108/11/22,"21,531.88"
108/11/25,"21,522.17"
108/11/26,"21,550.55"
108/11/27,"21,682.19"
108/11/28,"21,625.80"
108/11/29,"21,388.44"
108/12/02,"21,413.13"
108/12/03,"21,466.65"
108/12/04,"21,427.33"
108/12/05,"21,584.04"
108/12/06,"21,611.96"
108/12/09,"21,707.13"
108/12/10,"21,645.83"
108/12/11,"21,781.60"
108/12/12,"22,034.28"
108/12/13,"22,204.27"
108/12/16,"22,226.67"
108/12/17,"22,519.39"
108/12/18,"22,566.75"
108/12/19,"22,413.94"
108/12/20,"22,302.39"
108/12/23,"22,420.16"
108/12/24,"22,334.66"
108/12/25,"22,393.86"
108/12/26,"22,380.58"
108/12/27,"22,549.52"
108/12/30,"22,478.22"
108/12/31,22373.36
109/01/02,22566.08
109/01/03,22584.65
109/01/06,22291.72
109/01/07,22155.51
109/01/08,22037.6
109/01/09,22323.92
109/01/10,22424.68
109/01/13,22590.21
109/01/14,22714.03
109/01/15,22550.04
109/01/16,22503.52
109/01/17,22547.09
109/01/20,22600.08
109/01/30,21300.31
109/01/31,21437.11
109/02/03,21175.7
109/02/04,21550.55
109/02/05,21583.55
109/02/06,21911.88
109/02/07,21656.63
109/02/10,21584.38
109/02/11,21752.18
109/02/12,21957.59
109/02/13,21990.39
109/02/14,22035
109/02/17,21937.67
109/02/18,21724.09
109/02/19,21928.96
109/02/20,21866.74
109/02/21,21794.5
109/02/24,21512
109/02/25,21521.99
109/02/26,21323.17
109/02/27,21059.37
109/03/02,20832.38
109/03/03,21125.66
109/03/04,21246.2
109/03/05,21474.61
109/03/06,21114.65
109/03/09,20472.79
109/03/10,20521.09
109/03/11,20316.33
109/03/12,19437.49
109/03/13,18890.22
109/03/16,18123.61
109/03/17,17604.87
109/03/18,17192.79
109/03/19,16228.6
109/03/20,17262.09
109/03/23,16618.9
109/03/24,17358.42
109/03/25,18029.76
109/03/26,18201.16
109/03/27,18132.19
109/03/30,18002.36
109/03/31,18149.52
109/04/01,18066.47
109/04/06,18356.45
109/04/07,18688.58
